Id,Caseta,Clase,Camion_Tipo,Importe,Tarifa_Esperada,Diferencia
4,PALMILLAS,5,Camion_T5,440.0,641.0,-201.0
37,TEPOTZOTLAN,5,Camion_T5,471.0,678.0,-207.0
41,PALMILLAS,5,Camion_T5,440.0,641.0,-201.0
46,PALMILLAS,5,Camion_T5,440.0,641.0,-201.0
47,PERIFERICO,9,Camion_T9,335.0,555.0,-220.0
49,PASO DEL TORO,5,Camion_T5,222.0,263.0,-41.0
52,LEON,3,Camion_T3,58.0,291.0,-233.0
52,LEON,3,Camion_T3,58.0,108.0,-50.0
52,LEON,3,Camion_T3,58.0,87.0,-29.0
52,LEON,3,Camion_T3,58.0,75.0,-17.0
52,LEON,3,Camion_T3,58.0,72.0,-14.0
59,PALMILLAS BIS,5,Camion_T5,440.0,641.0,-201.0
65,LEON,5,Camion_T5,85.0,411.0,-326.0
65,LEON,5,Camion_T5,85.0,157.0,-72.0
65,LEON,5,Camion_T5,85.0,131.0,-46.0
65,LEON,5,Camion_T5,85.0,107.0,-22.0
65,LEON,5,Camion_T5,85.0,105.0,-20.0
76,LEON,5,Camion_T5,85.0,411.0,-326.0
76,LEON,5,Camion_T5,85.0,157.0,-72.0
76,LEON,5,Camion_T5,85.0,131.0,-46.0
76,LEON,5,Camion_T5,85.0,107.0,-22.0
76,LEON,5,Camion_T5,85.0,105.0,-20.0
77,PALMILLAS BIS,5,Camion_T5,440.0,641.0,-201.0
94,TEPOTZOTLAN,5,Camion_T5,471.0,678.0,-207.0
99,JOROBAS,5,Camion_T5,254.0,364.0,-110.0
100,PERIFERICO,5,Camion_T5,322.0,532.0,-210.0
109,PALMILLAS BIS,5,Camion_T5,440.0,641.0,-201.0
117,LEON,5,Camion_T5,157.0,411.0,-254.0
142,PALMILLAS BIS,5,Camion_T5,440.0,641.0,-201.0
149,PERIFERICO,5,Camion_T5,322.0,532.0,-210.0
172,PASO DEL TORO,5,Camion_T5,222.0,263.0,-41.0
178,PALMILLAS,9,Camion_T9,641.0,54.0,587.0
190,TEPOTZOTLAN,5,Camion_T5,471.0,678.0,-207.0
191,PALMILLAS,5,Camion_T5,440.0,641.0,-201.0
195,TEPOTZOTLAN,5,Camion_T5,471.0,678.0,-207.0
219,PALMILLAS BIS,9,Camion_T9,641.0,54.0,587.0
220,PALMILLAS BIS,9,Camion_T9,641.0,54.0,587.0
227,CONTEPEC,9,Camion_T9,141.0,275.0,-134.0
244,PALMILLAS,9,Camion_T9,641.0,54.0,587.0
291,PERIFERICO,5,Camion_T5,322.0,532.0,-210.0
320,CHAPALA,5,Camion_T5,190.0,217.0,-27.0
329,CONTEPEC,9,Camion_T9,217.0,275.0,-58.0
335,CHAPALA,5,Camion_T5,190.0,217.0,-27.0
347,PERIFERICO,9,Camion_T9,335.0,555.0,-220.0
351,CHAPALA,9,Camion_T9,213.0,244.0,-31.0
378,CHAPALA,7,Camion_T7,213.0,244.0,-31.0
392,CHAPALA,4,Camion_T4,123.0,141.0,-18.0
393,CHAPALA,5,Camion_T5,190.0,217.0,-27.0
403,ZACATECAS,9,Camion_T9,89.0,115.0,-26.0
404,CONTEPEC,2,Camion_T2,217.0,141.0,76.0
420,PASO DEL TORO,5,Camion_T5,222.0,263.0,-41.0
421,PERIFERICO,5,Camion_T5,322.0,532.0,-210.0
485,PALMILLAS,5,Camion_T5,440.0,641.0,-201.0
512,CONTEPEC,9,Camion_T9,217.0,275.0,-58.0
516,CONTEPEC,9,Camion_T9,217.0,275.0,-58.0
555,PALMILLAS BIS,5,Camion_T5,440.0,641.0,-201.0
559,CUENCAME,5,Camion_T5,205.0,541.0,-336.0
559,CUENCAME,5,Camion_T5,205.0,336.0,-131.0
563,PALMILLAS,5,Camion_T5,440.0,641.0,-201.0
578,PALMILLAS BIS,5,Camion_T5,440.0,641.0,-201.0
622,TEPOTZOTLAN,5,Camion_T5,471.0,678.0,-207.0
624,PALMILLAS,5,Camion_T5,440.0,641.0,-201.0
625,TEPOTZOTLAN,5,Camion_T5,471.0,678.0,-207.0
631,CUENCAME,5,Camion_T5,205.0,541.0,-336.0
631,CUENCAME,5,Camion_T5,205.0,336.0,-131.0
632,CUENCAME,5,Camion_T5,205.0,541.0,-336.0
632,CUENCAME,5,Camion_T5,205.0,336.0,-131.0
639,NARANJOS,5,Camion_T5,1189.0,565.0,624.0
661,CHAPALA,9,Camion_T9,213.0,244.0,-31.0
676,PALMILLAS,5,Camion_T5,440.0,641.0,-201.0
685,CONTEPEC,9,Camion_T9,217.0,275.0,-58.0
690,PALMILLAS,5,Camion_T5,440.0,641.0,-201.0
691,CUENCAME,5,Camion_T5,205.0,541.0,-336.0
691,CUENCAME,5,Camion_T5,205.0,336.0,-131.0
692,PASO DEL TORO,5,Camion_T5,222.0,263.0,-41.0
713,JOROBAS,5,Camion_T5,254.0,364.0,-110.0
714,JOROBAS,5,Camion_T5,254.0,364.0,-110.0
717,PASO DEL TORO,5,Camion_T5,222.0,263.0,-41.0
731,CHAPALA,9,Camion_T9,213.0,244.0,-31.0
735,PALMILLAS BIS,5,Camion_T5,440.0,641.0,-201.0
739,PALMILLAS BIS,5,Camion_T5,440.0,641.0,-201.0
740,CUENCAME,5,Camion_T5,205.0,541.0,-336.0
740,CUENCAME,5,Camion_T5,205.0,336.0,-131.0
745,PALMILLAS BIS,5,Camion_T5,440.0,641.0,-201.0
759,PASO DEL TORO,5,Camion_T5,222.0,263.0,-41.0
771,PALMILLAS BIS,5,Camion_T5,440.0,641.0,-201.0
786,ZACATECAS,9,Camion_T9,89.0,115.0,-26.0
791,TEPOTZOTLAN,5,Camion_T5,471.0,678.0,-207.0
806,PALMILLAS,5,Camion_T5,440.0,641.0,-201.0
846,PALMILLAS BIS,9,Camion_T9,641.0,54.0,587.0
863,PASO DEL TORO,5,Camion_T5,222.0,263.0,-41.0
893,CHAPALA,5,Camion_T5,190.0,217.0,-27.0
894,PALMILLAS,5,Camion_T5,440.0,641.0,-201.0
899,JOROBAS,5,Camion_T5,254.0,364.0,-110.0
933,JOROBAS,5,Camion_T5,254.0,364.0,-110.0
943,TEPOTZOTLAN,3,Camion_T3,234.0,471.0,-237.0
962,TEPOTZOTLAN,5,Camion_T5,471.0,678.0,-207.0
985,PASO DEL TORO,5,Camion_T5,222.0,263.0,-41.0
991,PALMILLAS BIS,5,Camion_T5,440.0,641.0,-201.0
1015,CUENCAME,5,Camion_T5,205.0,541.0,-336.0
1015,CUENCAME,5,Camion_T5,205.0,336.0,-131.0
1024,CHAPALA,9,Camion_T9,213.0,244.0,-31.0
1057,PALMILLAS BIS,5,Camion_T5,440.0,641.0,-201.0
1058,PALMILLAS,9,Camion_T9,641.0,54.0,587.0
1076,TEPOTZOTLAN,5,Camion_T5,471.0,678.0,-207.0
1099,CHAPALA,5,Camion_T5,190.0,217.0,-27.0
1108,PALMILLAS,9,Camion_T9,641.0,54.0,587.0
1120,TEPOTZOTLAN,5,Camion_T5,471.0,678.0,-207.0
1126,PALMILLAS,5,Camion_T5,440.0,641.0,-201.0
1135,PALMILLAS,5,Camion_T5,440.0,641.0,-201.0
1156,PALMILLAS BIS,5,Camion_T5,440.0,641.0,-201.0
1165,PALMILLAS,9,Camion_T9,641.0,54.0,587.0
1171,TEPOTZOTLAN,5,Camion_T5,471.0,678.0,-207.0
1197,PALMILLAS,5,Camion_T5,440.0,641.0,-201.0
1202,PALMILLAS,9,Camion_T9,641.0,54.0,587.0
1233,LEON,5,Camion_T5,85.0,411.0,-326.0
1233,LEON,5,Camion_T5,85.0,157.0,-72.0
1233,LEON,5,Camion_T5,85.0,131.0,-46.0
1233,LEON,5,Camion_T5,85.0,107.0,-22.0
1233,LEON,5,Camion_T5,85.0,105.0,-20.0
1248,PALMILLAS BIS,5,Camion_T5,440.0,641.0,-201.0
1253,PASO DEL TORO,5,Camion_T5,222.0,263.0,-41.0
1282,TEPOTZOTLAN,5,Camion_T5,471.0,678.0,-207.0
1292,PALMILLAS,9,Camion_T9,641.0,54.0,587.0
1293,TEPOTZOTLAN,5,Camion_T5,471.0,678.0,-207.0
1337,CONTEPEC,9,Camion_T9,141.0,275.0,-134.0
1348,PALMILLAS BIS,5,Camion_T5,440.0,641.0,-201.0
1354,JOROBAS,5,Camion_T5,254.0,364.0,-110.0
1359,PALMILLAS BIS,5,Camion_T5,440.0,641.0,-201.0
1374,PALMILLAS,5,Camion_T5,440.0,641.0,-201.0
1378,CHAPALA,5,Camion_T5,190.0,217.0,-27.0
1388,TEPOTZOTLAN,5,Camion_T5,471.0,678.0,-207.0
1395,PALMILLAS,5,Camion_T5,440.0,641.0,-201.0
1398,PALMILLAS BIS,5,Camion_T5,440.0,641.0,-201.0
1414,TEPOTZOTLAN,5,Camion_T5,471.0,678.0,-207.0
1419,PALMILLAS,5,Camion_T5,440.0,641.0,-201.0
1420,CONTEPEC,9,Camion_T9,217.0,275.0,-58.0
1421,CONTEPEC,9,Camion_T9,141.0,275.0,-134.0
1431,TEPOTZOTLAN,5,Camion_T5,471.0,678.0,-207.0
1445,ZACATECAS,2,Camion_T2,115.0,64.0,51.0
1447,TEPOTZOTLAN,5,Camion_T5,471.0,678.0,-207.0
1455,PERIFERICO,5,Camion_T5,322.0,532.0,-210.0
1475,PASO DEL TORO,5,Camion_T5,222.0,263.0,-41.0
1482,TEPOTZOTLAN,5,Camion_T5,471.0,678.0,-207.0
1487,PASO DEL TORO,5,Camion_T5,222.0,263.0,-41.0
1491,TEPOTZOTLAN,5,Camion_T5,471.0,678.0,-207.0
1493,PALMILLAS BIS,5,Camion_T5,440.0,641.0,-201.0
1500,TEPOTZOTLAN,5,Camion_T5,471.0,678.0,-207.0
1504,PALMILLAS,5,Camion_T5,440.0,641.0,-201.0
1539,TEPOTZOTLAN,5,Camion_T5,471.0,678.0,-207.0
1552,PALMILLAS,9,Camion_T9,641.0,54.0,587.0
1554,PALMILLAS,5,Camion_T5,440.0,641.0,-201.0
1557,TEPOTZOTLAN,5,Camion_T5,471.0,678.0,-207.0
1565,TEPOTZOTLAN,5,Camion_T5,471.0,678.0,-207.0
1594,PALMILLAS BIS,5,Camion_T5,440.0,641.0,-201.0
1599,CONTEPEC,9,Camion_T9,217.0,275.0,-58.0
1607,ZACATECAS,4,Camion_T4,115.0,89.0,26.0
1629,PALMILLAS BIS,5,Camion_T5,440.0,641.0,-201.0
1630,PASO DEL TORO,5,Camion_T5,222.0,263.0,-41.0
1645,PALMILLAS BIS,5,Camion_T5,440.0,641.0,-201.0
1678,CHAPALA,5,Camion_T5,190.0,217.0,-27.0
1689,PASO DEL TORO,5,Camion_T5,222.0,263.0,-41.0
1698,PASO DEL TORO,5,Camion_T5,222.0,263.0,-41.0
1707,PALMILLAS BIS,5,Camion_T5,440.0,641.0,-201.0
1708,PALMILLAS,9,Camion_T9,641.0,54.0,587.0
1710,PALMILLAS,9,Camion_T9,641.0,54.0,587.0
1722,ECUANDUREO,8,Camion_T8,96.0,417.0,-321.0
1722,ECUANDUREO,8,Camion_T8,96.0,273.0,-177.0
1725,PASO DEL TORO,5,Camion_T5,222.0,263.0,-41.0
1728,PASO DEL TORO,5,Camion_T5,222.0,263.0,-41.0
1741,PALMILLAS,5,Camion_T5,440.0,641.0,-201.0
1752,PALMILLAS BIS,9,Camion_T9,641.0,54.0,587.0
1757,TEPOTZOTLAN,5,Camion_T5,471.0,678.0,-207.0
1770,PALMILLAS BIS,5,Camion_T5,440.0,641.0,-201.0
1802,ZACATECAS,9,Camion_T9,89.0,115.0,-26.0
1805,PALMILLAS,9,Camion_T9,641.0,54.0,587.0
1807,PALMILLAS,9,Camion_T9,641.0,54.0,587.0
1808,TEPOTZOTLAN,5,Camion_T5,471.0,678.0,-207.0
1812,TEPOTZOTLAN,5,Camion_T5,471.0,678.0,-207.0
1825,PALMILLAS BIS,9,Camion_T9,641.0,54.0,587.0
1866,PALMILLAS,5,Camion_T5,440.0,641.0,-201.0
1882,TEPOTZOTLAN,5,Camion_T5,471.0,678.0,-207.0
1892,CONTEPEC,9,Camion_T9,217.0,275.0,-58.0
1907,PALMILLAS BIS,9,Camion_T9,641.0,54.0,587.0
1917,CHAPALA,5,Camion_T5,190.0,217.0,-27.0
1923,TEPOTZOTLAN,5,Camion_T5,471.0,678.0,-207.0
1992,PALMILLAS,5,Camion_T5,440.0,641.0,-201.0
2031,NARANJOS,4,Camion_T4,794.0,378.0,416.0
2040,CONTEPEC,9,Camion_T9,141.0,275.0,-134.0
2049,PALMILLAS,5,Camion_T5,440.0,641.0,-201.0
2058,PALMILLAS,9,Camion_T9,641.0,54.0,587.0
2071,PERIFERICO,5,Camion_T5,322.0,532.0,-210.0
2104,PALMILLAS,5,Camion_T5,440.0,641.0,-201.0
2128,PALMILLAS BIS,5,Camion_T5,440.0,641.0,-201.0
2158,PALMILLAS BIS,5,Camion_T5,440.0,641.0,-201.0
2177,PALMILLAS,5,Camion_T5,440.0,641.0,-201.0
2183,PASO DEL TORO,5,Camion_T5,222.0,263.0,-41.0
2204,TEPOTZOTLAN,5,Camion_T5,471.0,678.0,-207.0
2244,PALMILLAS BIS,5,Camion_T5,440.0,641.0,-201.0
2261,CHAPALA,5,Camion_T5,190.0,217.0,-27.0
2262,CHAPALA,5,Camion_T5,190.0,217.0,-27.0
2267,TEPOTZOTLAN,5,Camion_T5,471.0,678.0,-207.0
2273,PALMILLAS,9,Camion_T9,641.0,54.0,587.0
2319,PALMILLAS BIS,3,Camion_T3,219.0,440.0,-221.0
2337,PERIFERICO,5,Camion_T5,322.0,532.0,-210.0
2345,PASO DEL TORO,5,Camion_T5,222.0,263.0,-41.0
2351,PALMILLAS BIS,5,Camion_T5,440.0,641.0,-201.0
2396,PALMILLAS,9,Camion_T9,641.0,54.0,587.0
2397,PALMILLAS,9,Camion_T9,641.0,54.0,587.0
2422,CHAPALA,5,Camion_T5,190.0,217.0,-27.0
2427,CHAPALA,4,Camion_T4,123.0,141.0,-18.0
2429,PERIFERICO,9,Camion_T9,335.0,555.0,-220.0
2435,TEPOTZOTLAN,5,Camion_T5,471.0,678.0,-207.0
2447,TEPOTZOTLAN,5,Camion_T5,471.0,678.0,-207.0
2470,CHAPALA,9,Camion_T9,213.0,244.0,-31.0
2472,TEPOTZOTLAN,5,Camion_T5,471.0,678.0,-207.0
2477,TEPOTZOTLAN,5,Camion_T5,471.0,678.0,-207.0
2504,PERIFERICO,5,Camion_T5,322.0,532.0,-210.0
2511,CUENCAME,5,Camion_T5,205.0,541.0,-336.0
2511,CUENCAME,5,Camion_T5,205.0,336.0,-131.0
2512,ECUANDUREO,5,Camion_T5,83.0,351.0,-268.0
2512,ECUANDUREO,5,Camion_T5,83.0,229.0,-146.0
2514,PERIFERICO,5,Camion_T5,322.0,532.0,-210.0
2533,CONTEPEC,9,Camion_T9,217.0,275.0,-58.0
2542,PALMILLAS BIS,5,Camion_T5,440.0,641.0,-201.0
2543,PALMILLAS BIS,5,Camion_T5,440.0,641.0,-201.0
2558,AGUJITA-ALLENDE,9,Camion_T9,325.0,360.0,-35.0
2570,TEPOTZOTLAN,5,Camion_T5,471.0,678.0,-207.0
2572,PERIFERICO,4,Camion_T4,178.0,294.0,-116.0
2590,PERIFERICO,5,Camion_T5,322.0,532.0,-210.0
2596,TEPOTZOTLAN,5,Camion_T5,471.0,678.0,-207.0
2607,PALMILLAS,5,Camion_T5,440.0,641.0,-201.0
2612,PALMILLAS,5,Camion_T5,440.0,641.0,-201.0
2637,PALMILLAS,5,Camion_T5,440.0,641.0,-201.0
2644,TEPOTZOTLAN,5,Camion_T5,471.0,678.0,-207.0
2669,PALMILLAS BIS,5,Camion_T5,440.0,641.0,-201.0
2689,PALMILLAS BIS,5,Camion_T5,440.0,641.0,-201.0
2691,CUENCAME,5,Camion_T5,205.0,541.0,-336.0
2691,CUENCAME,5,Camion_T5,205.0,336.0,-131.0
2698,TEPOTZOTLAN,5,Camion_T5,471.0,678.0,-207.0
2705,TEPOTZOTLAN,5,Camion_T5,471.0,678.0,-207.0
2726,LIB. OTE. S.L.P.,9,Camion_T9,138.0,444.0,-306.0
2736,PALMILLAS,5,Camion_T5,440.0,641.0,-201.0
2740,JOROBAS,5,Camion_T5,254.0,364.0,-110.0
2741,PERIFERICO,5,Camion_T5,322.0,532.0,-210.0
2743,TEPOTZOTLAN,5,Camion_T5,471.0,678.0,-207.0
2745,PERIFERICO,5,Camion_T5,322.0,532.0,-210.0
2749,PALMILLAS,9,Camion_T9,641.0,54.0,587.0
2765,PALMILLAS,3,Camion_T3,219.0,440.0,-221.0
2768,PALMILLAS,5,Camion_T5,440.0,641.0,-201.0
2772,PERIFERICO,5,Camion_T5,322.0,532.0,-210.0
2778,AGUJITA-ALLENDE,9,Camion_T9,325.0,360.0,-35.0
2783,TEPOTZOTLAN,5,Camion_T5,471.0,678.0,-207.0
2785,PALMILLAS BIS,5,Camion_T5,440.0,641.0,-201.0
2792,PERIFERICO,9,Camion_T9,335.0,555.0,-220.0
2793,TEPOTZOTLAN,5,Camion_T5,471.0,678.0,-207.0
2804,PALMILLAS,5,Camion_T5,440.0,641.0,-201.0
2810,ZACATECAS,9,Camion_T9,89.0,115.0,-26.0
2823,CONTEPEC,9,Camion_T9,217.0,275.0,-58.0
2834,TEPOTZOTLAN,5,Camion_T5,471.0,678.0,-207.0
2837,LA VENTA,9,Camion_T9,1202.0,342.0,860.0
2845,PALMILLAS,5,Camion_T5,440.0,641.0,-201.0
2850,PASO DEL TORO,5,Camion_T5,222.0,263.0,-41.0
2879,TEPOTZOTLAN,9,Camion_T9,678.0,54.0,624.0
2881,LIB. OTE. S.L.P.,9,Camion_T9,138.0,444.0,-306.0
2883,CEBALLOS,2,Camion_T2,238.0,209.0,29.0
2898,PERIFERICO,5,Camion_T5,322.0,532.0,-210.0
2901,CONTEPEC,9,Camion_T9,217.0,275.0,-58.0
2910,PALMILLAS,9,Camion_T9,641.0,54.0,587.0
2911,PALMILLAS,9,Camion_T9,641.0,54.0,587.0
2920,PASO DEL TORO,5,Camion_T5,222.0,263.0,-41.0
2924,JOROBAS,5,Camion_T5,254.0,364.0,-110.0
2935,PALMILLAS,9,Camion_T9,641.0,54.0,587.0
2936,TEPOTZOTLAN,5,Camion_T5,471.0,678.0,-207.0
2937,TEPOTZOTLAN,5,Camion_T5,471.0,678.0,-207.0
2942,PALMILLAS BIS,5,Camion_T5,440.0,641.0,-201.0
2944,TEPOTZOTLAN,5,Camion_T5,471.0,678.0,-207.0
2973,PALMILLAS BIS,5,Camion_T5,440.0,641.0,-201.0
2991,LEON,5,Camion_T5,107.0,411.0,-304.0
2991,LEON,5,Camion_T5,107.0,157.0,-50.0
2991,LEON,5,Camion_T5,107.0,131.0,-24.0
2996,PALMILLAS,5,Camion_T5,440.0,641.0,-201.0
2997,PALMILLAS BIS,9,Camion_T9,641.0,54.0,587.0
3001,PALMILLAS BIS,5,Camion_T5,440.0,641.0,-201.0
3004,PALMILLAS,9,Camion_T9,641.0,54.0,587.0
3012,PALMILLAS BIS,5,Camion_T5,440.0,641.0,-201.0
3013,PALMILLAS BIS,5,Camion_T5,440.0,641.0,-201.0
3019,TEPOTZOTLAN,5,Camion_T5,471.0,678.0,-207.0
3022,PALMILLAS,5,Camion_T5,440.0,641.0,-201.0
3023,PALMILLAS,5,Camion_T5,440.0,641.0,-201.0
3031,ZACATECAS,4,Camion_T4,115.0,89.0,26.0
3047,PALMILLAS,3,Camion_T3,219.0,440.0,-221.0
3055,CHAPALA,5,Camion_T5,190.0,217.0,-27.0
3069,TEPOTZOTLAN,5,Camion_T5,471.0,678.0,-207.0
3072,CONTEPEC,9,Camion_T9,217.0,275.0,-58.0
3076,PALMILLAS,5,Camion_T5,440.0,641.0,-201.0
3090,PALMILLAS,5,Camion_T5,440.0,641.0,-201.0
3092,CHAPALA,5,Camion_T5,190.0,217.0,-27.0
3101,PALMILLAS BIS,5,Camion_T5,440.0,641.0,-201.0
3110,PALMILLAS BIS,5,Camion_T5,440.0,641.0,-201.0
3120,ZACATECAS,4,Camion_T4,115.0,89.0,26.0
3140,PALMILLAS BIS,5,Camion_T5,440.0,641.0,-201.0
3150,TEPOTZOTLAN,5,Camion_T5,471.0,678.0,-207.0
3194,ZACATECAS,9,Camion_T9,89.0,115.0,-26.0
3195,CONTEPEC,9,Camion_T9,217.0,275.0,-58.0
3211,PALMILLAS BIS,5,Camion_T5,440.0,641.0,-201.0
3212,ZACATECAS,9,Camion_T9,89.0,115.0,-26.0
3301,CHAPALA,5,Camion_T5,190.0,217.0,-27.0
3356,PALMILLAS,9,Camion_T9,641.0,54.0,587.0
3360,TEPOTZOTLAN,5,Camion_T5,471.0,678.0,-207.0
3362,CUENCAME,5,Camion_T5,205.0,541.0,-336.0
3362,CUENCAME,5,Camion_T5,205.0,336.0,-131.0
3369,CHAPALA,9,Camion_T9,213.0,244.0,-31.0
3375,CHAPALA,9,Camion_T9,213.0,244.0,-31.0
3396,CONTEPEC,9,Camion_T9,217.0,275.0,-58.0
3454,PALMILLAS BIS,5,Camion_T5,440.0,641.0,-201.0
3518,CUENCAME,5,Camion_T5,205.0,541.0,-336.0
3518,CUENCAME,5,Camion_T5,205.0,336.0,-131.0
3519,NARANJOS,5,Camion_T5,1189.0,565.0,624.0
3533,PERIFERICO,5,Camion_T5,322.0,532.0,-210.0
3540,PASO DEL TORO,5,Camion_T5,222.0,263.0,-41.0
3548,PALMILLAS,5,Camion_T5,440.0,641.0,-201.0
3564,PALMILLAS,9,Camion_T9,641.0,54.0,587.0
3579,CONTEPEC,9,Camion_T9,217.0,275.0,-58.0
3606,PALMILLAS BIS,5,Camion_T5,440.0,641.0,-201.0
3610,CHAPALA,5,Camion_T5,190.0,217.0,-27.0
3613,CHAPALA,5,Camion_T5,190.0,217.0,-27.0
3616,PALMILLAS BIS,5,Camion_T5,440.0,641.0,-201.0
3637,PALMILLAS,9,Camion_T9,641.0,54.0,587.0
3647,PALMILLAS BIS,5,Camion_T5,440.0,641.0,-201.0
3659,CHAPALA,5,Camion_T5,190.0,217.0,-27.0
3660,CHAPALA,5,Camion_T5,190.0,217.0,-27.0
3663,CHAPALA,5,Camion_T5,190.0,217.0,-27.0
3686,DURANGO,9,Camion_T9,322.0,665.0,-343.0
3701,PALMILLAS BIS,5,Camion_T5,440.0,641.0,-201.0
3723,TEPOTZOTLAN,5,Camion_T5,471.0,678.0,-207.0
3726,CHAPALA,5,Camion_T5,190.0,217.0,-27.0
3735,PASO DEL TORO,5,Camion_T5,222.0,263.0,-41.0
3746,PALMILLAS,9,Camion_T9,641.0,54.0,587.0
3751,CHAPALA,5,Camion_T5,190.0,217.0,-27.0
3785,PALMILLAS,5,Camion_T5,440.0,641.0,-201.0
3804,PALMILLAS BIS,5,Camion_T5,440.0,641.0,-201.0
3824,ZAPOTLANEJO,5,Camion_T5,216.0,422.0,-206.0
3824,ZAPOTLANEJO,5,Camion_T5,216.0,340.0,-124.0
3824,ZAPOTLANEJO,5,Camion_T5,216.0,458.0,-242.0
3824,ZAPOTLANEJO,5,Camion_T5,216.0,308.0,-92.0
3824,ZAPOTLANEJO,5,Camion_T5,216.0,209.0,7.0
3824,ZAPOTLANEJO,5,Camion_T5,216.0,181.0,35.0
3829,PALMILLAS,5,Camion_T5,440.0,641.0,-201.0
3830,PASO DEL TORO,5,Camion_T5,222.0,263.0,-41.0
3831,ZAPOTLANEJO,5,Camion_T5,216.0,422.0,-206.0
3831,ZAPOTLANEJO,5,Camion_T5,216.0,340.0,-124.0
3831,ZAPOTLANEJO,5,Camion_T5,216.0,458.0,-242.0
3831,ZAPOTLANEJO,5,Camion_T5,216.0,308.0,-92.0
3831,ZAPOTLANEJO,5,Camion_T5,216.0,209.0,7.0
3831,ZAPOTLANEJO,5,Camion_T5,216.0,181.0,35.0
3835,PALMILLAS,5,Camion_T5,440.0,641.0,-201.0
3861,PALMILLAS BIS,5,Camion_T5,440.0,641.0,-201.0
3864,CHAPALA,5,Camion_T5,190.0,217.0,-27.0
3866,CONTEPEC,9,Camion_T9,217.0,275.0,-58.0
3887,PALMILLAS BIS,5,Camion_T5,440.0,641.0,-201.0
3890,TEPOTZOTLAN,5,Camion_T5,471.0,678.0,-207.0
3891,PALMILLAS,5,Camion_T5,440.0,641.0,-201.0
3892,CHAPALA,9,Camion_T9,213.0,244.0,-31.0
3955,TEPOTZOTLAN,5,Camion_T5,471.0,678.0,-207.0
3957,PERIFERICO,5,Camion_T5,322.0,532.0,-210.0
3961,CONTEPEC,2,Camion_T2,275.0,141.0,134.0
3963,PASO DEL TORO,5,Camion_T5,222.0,263.0,-41.0
3984,TEPOTZOTLAN,5,Camion_T5,471.0,678.0,-207.0
4011,PALMILLAS,9,Camion_T9,641.0,54.0,587.0
4013,PALMILLAS,9,Camion_T9,641.0,54.0,587.0
4019,TEPOTZOTLAN,5,Camion_T5,471.0,678.0,-207.0
4041,TEPOTZOTLAN,5,Camion_T5,471.0,678.0,-207.0
4062,CHAPALA,9,Camion_T9,213.0,244.0,-31.0
4063,ZINAPECUARO,9,Camion_T9,55.0,567.0,-512.0
4063,ZINAPECUARO,9,Camion_T9,55.0,285.0,-230.0
4063,ZINAPECUARO,9,Camion_T9,55.0,282.0,-227.0
4063,ZINAPECUARO,9,Camion_T9,55.0,166.0,-111.0
4065,PALMILLAS,5,Camion_T5,440.0,641.0,-201.0
4066,PALMILLAS,5,Camion_T5,440.0,641.0,-201.0
4079,JOROBAS,5,Camion_T5,254.0,364.0,-110.0
4086,PALMILLAS BIS,9,Camion_T9,641.0,54.0,587.0
4091,CONTEPEC,9,Camion_T9,141.0,275.0,-134.0
4092,TEPOTZOTLAN,5,Camion_T5,471.0,678.0,-207.0
4107,PASO DEL TORO,5,Camion_T5,222.0,263.0,-41.0
4116,PALMILLAS BIS,5,Camion_T5,440.0,641.0,-201.0
4129,CUENCAME,5,Camion_T5,205.0,541.0,-336.0
4129,CUENCAME,5,Camion_T5,205.0,336.0,-131.0
4137,LEON,5,Camion_T5,107.0,411.0,-304.0
4137,LEON,5,Camion_T5,107.0,157.0,-50.0
4137,LEON,5,Camion_T5,107.0,131.0,-24.0
4147,PALMILLAS,5,Camion_T5,440.0,641.0,-201.0
4161,TEPOTZOTLAN,5,Camion_T5,471.0,678.0,-207.0
4185,LEON,5,Camion_T5,107.0,411.0,-304.0
4185,LEON,5,Camion_T5,107.0,157.0,-50.0
4185,LEON,5,Camion_T5,107.0,131.0,-24.0
4191,CONTEPEC,9,Camion_T9,141.0,275.0,-134.0
4197,LEON,5,Camion_T5,85.0,411.0,-326.0
4197,LEON,5,Camion_T5,85.0,157.0,-72.0
4197,LEON,5,Camion_T5,85.0,131.0,-46.0
4197,LEON,5,Camion_T5,85.0,107.0,-22.0
4197,LEON,5,Camion_T5,85.0,105.0,-20.0
4209,CHAPALA,5,Camion_T5,190.0,217.0,-27.0
4217,PALMILLAS,5,Camion_T5,440.0,641.0,-201.0
4218,PALMILLAS,5,Camion_T5,440.0,641.0,-201.0
4220,PASO DEL TORO,5,Camion_T5,222.0,263.0,-41.0
4226,CONTEPEC,9,Camion_T9,141.0,275.0,-134.0
4236,LA VENTA,2,Camion_T2,366.0,224.0,142.0
4240,TEPOTZOTLAN,9,Camion_T9,678.0,54.0,624.0
4241,PALMILLAS BIS,5,Camion_T5,440.0,641.0,-201.0
4243,PALMILLAS,9,Camion_T9,641.0,54.0,587.0
4249,PALMILLAS,9,Camion_T9,641.0,54.0,587.0
4251,PALMILLAS,5,Camion_T5,440.0,641.0,-201.0
4272,TEPOTZOTLAN,3,Camion_T3,234.0,471.0,-237.0
4294,TEPOTZOTLAN,5,Camion_T5,471.0,678.0,-207.0
4296,PERIFERICO,5,Camion_T5,322.0,532.0,-210.0
4308,PALMILLAS,9,Camion_T9,641.0,54.0,587.0
4330,PALMILLAS,5,Camion_T5,440.0,641.0,-201.0
4332,PASO DEL TORO,5,Camion_T5,222.0,263.0,-41.0
4337,ZAPOTLANEJO,5,Camion_T5,71.0,422.0,-351.0
4337,ZAPOTLANEJO,5,Camion_T5,71.0,340.0,-269.0
4337,ZAPOTLANEJO,5,Camion_T5,71.0,458.0,-387.0
4337,ZAPOTLANEJO,5,Camion_T5,71.0,308.0,-237.0
4337,ZAPOTLANEJO,5,Camion_T5,71.0,209.0,-138.0
4337,ZAPOTLANEJO,5,Camion_T5,71.0,181.0,-110.0
4337,ZAPOTLANEJO,5,Camion_T5,71.0,216.0,-145.0
4337,ZAPOTLANEJO,5,Camion_T5,71.0,164.0,-93.0
4340,PALMILLAS BIS,5,Camion_T5,440.0,641.0,-201.0
4345,TEPOTZOTLAN,5,Camion_T5,471.0,678.0,-207.0
4354,PALMILLAS BIS,5,Camion_T5,440.0,641.0,-201.0
4404,PERIFERICO,5,Camion_T5,322.0,532.0,-210.0
4405,PALMILLAS BIS,5,Camion_T5,440.0,641.0,-201.0
4415,CONTEPEC,9,Camion_T9,217.0,275.0,-58.0
4423,PASO DEL TORO,5,Camion_T5,222.0,263.0,-41.0
4424,JOROBAS,5,Camion_T5,254.0,364.0,-110.0
4427,PALMILLAS,5,Camion_T5,440.0,641.0,-201.0
4431,PASO DEL TORO,5,Camion_T5,222.0,263.0,-41.0
4437,PALMILLAS,9,Camion_T9,641.0,54.0,587.0
4468,TEPOTZOTLAN,9,Camion_T9,678.0,54.0,624.0
4488,PALMILLAS,9,Camion_T9,641.0,54.0,587.0
4499,PALMILLAS,5,Camion_T5,440.0,641.0,-201.0
4502,TEPOTZOTLAN,5,Camion_T5,471.0,678.0,-207.0
4513,PALMILLAS,5,Camion_T5,440.0,641.0,-201.0
4535,CONTEPEC,9,Camion_T9,141.0,275.0,-134.0
4553,CHAPALA,9,Camion_T9,213.0,244.0,-31.0
4564,PALMILLAS,9,Camion_T9,641.0,54.0,587.0
4579,PERIFERICO,5,Camion_T5,322.0,532.0,-210.0
4586,PERIFERICO,5,Camion_T5,322.0,532.0,-210.0
4588,PASO DEL TORO,5,Camion_T5,222.0,263.0,-41.0
4594,PALMILLAS,9,Camion_T9,641.0,54.0,587.0
4596,PALMILLAS,9,Camion_T9,641.0,54.0,587.0
4600,CHAPALA,4,Camion_T4,123.0,141.0,-18.0
4603,PALMILLAS,5,Camion_T5,440.0,641.0,-201.0
4604,DOVALI,9,Camion_T9,70.0,108.0,-38.0
4610,PALMILLAS BIS,5,Camion_T5,440.0,641.0,-201.0
4635,PALMILLAS,5,Camion_T5,440.0,641.0,-201.0
4641,PALMILLAS,9,Camion_T9,641.0,54.0,587.0
4669,PALMILLAS BIS,5,Camion_T5,440.0,641.0,-201.0
4686,PALMILLAS,9,Camion_T9,641.0,54.0,587.0
4705,PALMILLAS,9,Camion_T9,641.0,54.0,587.0
4715,ZINAPECUARO,9,Camion_T9,55.0,567.0,-512.0
4715,ZINAPECUARO,9,Camion_T9,55.0,285.0,-230.0
4715,ZINAPECUARO,9,Camion_T9,55.0,282.0,-227.0
4715,ZINAPECUARO,9,Camion_T9,55.0,166.0,-111.0
4762,PALMILLAS,9,Camion_T9,641.0,54.0,587.0
4764,PALMILLAS,9,Camion_T9,641.0,54.0,587.0
4776,CUENCAME,5,Camion_T5,205.0,541.0,-336.0
4776,CUENCAME,5,Camion_T5,205.0,336.0,-131.0
4799,CHAPALA,4,Camion_T4,123.0,141.0,-18.0
4801,PERIFERICO,5,Camion_T5,322.0,532.0,-210.0
4810,CONTEPEC,2,Camion_T2,275.0,141.0,134.0
4815,PALMILLAS BIS,5,Camion_T5,440.0,641.0,-201.0
4845,PERIFERICO,5,Camion_T5,322.0,532.0,-210.0
4858,ZACATECAS,9,Camion_T9,89.0,115.0,-26.0
4861,CUENCAME,5,Camion_T5,205.0,541.0,-336.0
4861,CUENCAME,5,Camion_T5,205.0,336.0,-131.0
4892,CHAPALA,5,Camion_T5,190.0,217.0,-27.0
4935,PALMILLAS,5,Camion_T5,440.0,641.0,-201.0
4981,CHAPALA,5,Camion_T5,190.0,217.0,-27.0
5024,PALMILLAS BIS,5,Camion_T5,440.0,641.0,-201.0
5053,PASO DEL TORO,5,Camion_T5,222.0,263.0,-41.0
5054,PASO DEL TORO,5,Camion_T5,222.0,263.0,-41.0
5055,TEPOTZOTLAN,5,Camion_T5,471.0,678.0,-207.0
5062,PALMILLAS,5,Camion_T5,440.0,641.0,-201.0
5070,PALMILLAS,5,Camion_T5,440.0,641.0,-201.0
5147,PERIFERICO,5,Camion_T5,322.0,532.0,-210.0
5151,PALMILLAS BIS,5,Camion_T5,440.0,641.0,-201.0
5153,TEPOTZOTLAN,5,Camion_T5,471.0,678.0,-207.0
5169,GUADALUPE,5,Camion_T5,235.0,310.0,-75.0
5172,PALMILLAS BIS,5,Camion_T5,440.0,641.0,-201.0
5173,LEON,5,Camion_T5,85.0,411.0,-326.0
5173,LEON,5,Camion_T5,85.0,157.0,-72.0
5173,LEON,5,Camion_T5,85.0,131.0,-46.0
5173,LEON,5,Camion_T5,85.0,107.0,-22.0
5173,LEON,5,Camion_T5,85.0,105.0,-20.0
5183,CHAPALA,5,Camion_T5,190.0,217.0,-27.0
5203,PASO DEL TORO,5,Camion_T5,222.0,263.0,-41.0
5215,PALMILLAS,5,Camion_T5,440.0,641.0,-201.0
5233,TEPOTZOTLAN,5,Camion_T5,471.0,678.0,-207.0
5242,PERIFERICO,6,Camion_T6,322.0,532.0,-210.0
5245,PERIFERICO,5,Camion_T5,322.0,532.0,-210.0
5260,SANTA CECILIA,4,Camion_T4,10.0,356.0,-346.0
5260,SANTA CECILIA,4,Camion_T4,10.0,267.0,-257.0
5260,SANTA CECILIA,4,Camion_T4,10.0,13.0,-3.0
5267,LEON,5,Camion_T5,157.0,411.0,-254.0
5269,TEPOTZOTLAN,5,Camion_T5,471.0,678.0,-207.0
5280,PALMILLAS,5,Camion_T5,440.0,641.0,-201.0
5286,PERIFERICO,4,Camion_T4,178.0,294.0,-116.0
5287,TEPOTZOTLAN,5,Camion_T5,471.0,678.0,-207.0
5293,PALMILLAS BIS,9,Camion_T9,641.0,54.0,587.0
5299,PALMILLAS,5,Camion_T5,440.0,641.0,-201.0
5340,PALMILLAS,5,Camion_T5,440.0,641.0,-201.0
5341,PALMILLAS BIS,5,Camion_T5,440.0,641.0,-201.0
5347,LEON,5,Camion_T5,85.0,411.0,-326.0
5347,LEON,5,Camion_T5,85.0,157.0,-72.0
5347,LEON,5,Camion_T5,85.0,131.0,-46.0
5347,LEON,5,Camion_T5,85.0,107.0,-22.0
5347,LEON,5,Camion_T5,85.0,105.0,-20.0
5365,PALMILLAS,5,Camion_T5,440.0,641.0,-201.0
5379,PALMILLAS,5,Camion_T5,440.0,641.0,-201.0
5390,LEON,5,Camion_T5,157.0,411.0,-254.0
5399,TEPOTZOTLAN,5,Camion_T5,471.0,678.0,-207.0
5429,PALMILLAS BIS,5,Camion_T5,440.0,641.0,-201.0
5443,PALMILLAS,9,Camion_T9,641.0,54.0,587.0
5454,PERIFERICO,5,Camion_T5,322.0,532.0,-210.0
5455,PALMILLAS,9,Camion_T9,641.0,54.0,587.0
5460,TEPOTZOTLAN,5,Camion_T5,471.0,678.0,-207.0
5466,PALMILLAS,9,Camion_T9,641.0,54.0,587.0
5481,PERIFERICO,5,Camion_T5,322.0,532.0,-210.0
5493,LEON,6,Camion_T6,85.0,411.0,-326.0
5493,LEON,6,Camion_T6,85.0,157.0,-72.0
5493,LEON,6,Camion_T6,85.0,131.0,-46.0
5493,LEON,6,Camion_T6,85.0,107.0,-22.0
5493,LEON,6,Camion_T6,85.0,105.0,-20.0
5501,CONTEPEC,9,Camion_T9,217.0,275.0,-58.0
5523,PALMILLAS,5,Camion_T5,440.0,641.0,-201.0
5527,PALMILLAS,9,Camion_T9,641.0,54.0,587.0
5542,TEPOTZOTLAN,5,Camion_T5,471.0,678.0,-207.0
5546,TEPOTZOTLAN,5,Camion_T5,471.0,678.0,-207.0
5550,PASO DEL TORO,5,Camion_T5,222.0,263.0,-41.0
5556,SANTA CECILIA,5,Camion_T5,416.0,539.0,-123.0
5560,LEON,5,Camion_T5,107.0,411.0,-304.0
5560,LEON,5,Camion_T5,107.0,157.0,-50.0
5560,LEON,5,Camion_T5,107.0,131.0,-24.0
5575,GUADALUPE,5,Camion_T5,235.0,310.0,-75.0
5591,PALMILLAS,5,Camion_T5,440.0,641.0,-201.0
5595,TEPOTZOTLAN,5,Camion_T5,471.0,678.0,-207.0
5604,TEPOTZOTLAN,5,Camion_T5,471.0,678.0,-207.0
5618,TEPOTZOTLAN,5,Camion_T5,471.0,678.0,-207.0
5655,CHAPALA,4,Camion_T4,123.0,141.0,-18.0
5660,PERIFERICO,5,Camion_T5,322.0,532.0,-210.0
5662,LEON,5,Camion_T5,107.0,411.0,-304.0
5662,LEON,5,Camion_T5,107.0,157.0,-50.0
5662,LEON,5,Camion_T5,107.0,131.0,-24.0
5674,PALMILLAS BIS,5,Camion_T5,440.0,641.0,-201.0
5684,CONTEPEC,9,Camion_T9,217.0,275.0,-58.0
5705,PALMILLAS,5,Camion_T5,440.0,641.0,-201.0
5706,PALMILLAS,5,Camion_T5,440.0,641.0,-201.0
5718,PALMILLAS BIS,5,Camion_T5,440.0,641.0,-201.0
5755,CHAPALA,5,Camion_T5,190.0,217.0,-27.0
5769,LA VENTA,5,Camion_T5,761.0,306.0,455.0
5821,PASO DEL TORO,5,Camion_T5,222.0,263.0,-41.0
5825,PALMILLAS,9,Camion_T9,641.0,54.0,587.0
5826,PALMILLAS,9,Camion_T9,641.0,54.0,587.0
5827,PALMILLAS,9,Camion_T9,641.0,54.0,587.0
5828,PASO DEL TORO,5,Camion_T5,222.0,263.0,-41.0
5837,TEPOTZOTLAN,5,Camion_T5,471.0,678.0,-207.0
5858,PALMILLAS,9,Camion_T9,641.0,54.0,587.0
5860,PALMILLAS BIS,5,Camion_T5,440.0,641.0,-201.0
5862,PALMILLAS,9,Camion_T9,641.0,54.0,587.0
5873,CHAPALA,5,Camion_T5,190.0,217.0,-27.0
5878,PALMILLAS,9,Camion_T9,641.0,54.0,587.0
5905,LEON,5,Camion_T5,85.0,411.0,-326.0
5905,LEON,5,Camion_T5,85.0,157.0,-72.0
5905,LEON,5,Camion_T5,85.0,131.0,-46.0
5905,LEON,5,Camion_T5,85.0,107.0,-22.0
5905,LEON,5,Camion_T5,85.0,105.0,-20.0
5907,PALMILLAS BIS,5,Camion_T5,440.0,641.0,-201.0
5908,TEPOTZOTLAN,5,Camion_T5,471.0,678.0,-207.0
5911,PASO DEL TORO,5,Camion_T5,222.0,263.0,-41.0
5918,CONTEPEC,9,Camion_T9,217.0,275.0,-58.0
5927,PALMILLAS,5,Camion_T5,440.0,641.0,-201.0
5935,CHAPALA,9,Camion_T9,213.0,244.0,-31.0
5941,TEPOTZOTLAN,5,Camion_T5,471.0,678.0,-207.0
5948,PALMILLAS,5,Camion_T5,440.0,641.0,-201.0
5951,PALMILLAS,5,Camion_T5,440.0,641.0,-201.0
5954,PALMILLAS,9,Camion_T9,641.0,54.0,587.0
5970,PERIFERICO,5,Camion_T5,322.0,532.0,-210.0
5971,CHAPALA,4,Camion_T4,123.0,141.0,-18.0
6011,TEPOTZOTLAN,5,Camion_T5,471.0,678.0,-207.0
6057,PALMILLAS,9,Camion_T9,641.0,54.0,587.0
6110,PALMILLAS BIS,5,Camion_T5,440.0,641.0,-201.0
6160,PASO DEL TORO,5,Camion_T5,222.0,263.0,-41.0
6181,PALMILLAS BIS,5,Camion_T5,440.0,641.0,-201.0
6190,CHAPALA,9,Camion_T9,213.0,244.0,-31.0
6195,NARANJOS,5,Camion_T5,1189.0,565.0,624.0
6198,CUENCAME,5,Camion_T5,205.0,541.0,-336.0
6198,CUENCAME,5,Camion_T5,205.0,336.0,-131.0
6233,TEPOTZOTLAN,5,Camion_T5,471.0,678.0,-207.0
6244,ECUANDUREO,5,Camion_T5,229.0,351.0,-122.0
6249,CONTEPEC,9,Camion_T9,141.0,275.0,-134.0
6272,PALMILLAS,9,Camion_T9,641.0,54.0,587.0
6304,CHAPALA,5,Camion_T5,190.0,217.0,-27.0
6314,LEON,5,Camion_T5,85.0,411.0,-326.0
6314,LEON,5,Camion_T5,85.0,157.0,-72.0
6314,LEON,5,Camion_T5,85.0,131.0,-46.0
6314,LEON,5,Camion_T5,85.0,107.0,-22.0
6314,LEON,5,Camion_T5,85.0,105.0,-20.0
6395,CHAPALA,9,Camion_T9,213.0,244.0,-31.0
6396,PERIFERICO,5,Camion_T5,322.0,532.0,-210.0
6416,PALMILLAS,5,Camion_T5,440.0,641.0,-201.0
6467,CONTEPEC,9,Camion_T9,141.0,275.0,-134.0
6476,PERIFERICO,5,Camion_T5,322.0,532.0,-210.0
6478,TEPOTZOTLAN,5,Camion_T5,471.0,678.0,-207.0
6479,PALMILLAS,5,Camion_T5,440.0,641.0,-201.0
6482,PALMILLAS,5,Camion_T5,440.0,641.0,-201.0
6490,PERIFERICO,5,Camion_T5,322.0,532.0,-210.0
6547,PALMILLAS BIS,5,Camion_T5,440.0,641.0,-201.0
6556,CHAPALA,7,Camion_T7,213.0,244.0,-31.0
6562,TEPATITLAN,5,Camion_T5,556.0,638.0,-82.0
6575,PALMILLAS BIS,5,Camion_T5,440.0,641.0,-201.0
6585,PALMILLAS,5,Camion_T5,440.0,641.0,-201.0
6591,PALMILLAS,5,Camion_T5,440.0,641.0,-201.0
6602,CUENCAME,5,Camion_T5,205.0,541.0,-336.0
6602,CUENCAME,5,Camion_T5,205.0,336.0,-131.0
6603,CUENCAME,5,Camion_T5,205.0,541.0,-336.0
6603,CUENCAME,5,Camion_T5,205.0,336.0,-131.0
6612,PALMILLAS BIS,5,Camion_T5,440.0,641.0,-201.0
6642,LEON,5,Camion_T5,157.0,411.0,-254.0
6647,TEPOTZOTLAN,5,Camion_T5,471.0,678.0,-207.0
6656,TEPOTZOTLAN,5,Camion_T5,471.0,678.0,-207.0
6684,TEPOTZOTLAN,5,Camion_T5,471.0,678.0,-207.0
6685,PASO DEL TORO,5,Camion_T5,222.0,263.0,-41.0
6692,PALMILLAS BIS,3,Camion_T3,219.0,440.0,-221.0
6700,LEON,5,Camion_T5,157.0,411.0,-254.0
6706,PASO DEL TORO,5,Camion_T5,222.0,263.0,-41.0
6708,PALMILLAS BIS,5,Camion_T5,440.0,641.0,-201.0
6710,PASO DEL TORO,5,Camion_T5,222.0,263.0,-41.0
6723,PALMILLAS,5,Camion_T5,440.0,641.0,-201.0
6726,LEON,5,Camion_T5,105.0,411.0,-306.0
6726,LEON,5,Camion_T5,105.0,157.0,-52.0
6726,LEON,5,Camion_T5,105.0,131.0,-26.0
6726,LEON,5,Camion_T5,105.0,107.0,-2.0
6781,PERIFERICO,5,Camion_T5,322.0,532.0,-210.0
6806,PALMILLAS BIS,5,Camion_T5,440.0,641.0,-201.0
6829,TEPOTZOTLAN,5,Camion_T5,471.0,678.0,-207.0
6830,TEPOTZOTLAN,5,Camion_T5,471.0,678.0,-207.0
6835,PALMILLAS,5,Camion_T5,440.0,641.0,-201.0
6857,LEON,5,Camion_T5,48.0,411.0,-363.0
6857,LEON,5,Camion_T5,48.0,157.0,-109.0
6857,LEON,5,Camion_T5,48.0,131.0,-83.0
6857,LEON,5,Camion_T5,48.0,107.0,-59.0
6857,LEON,5,Camion_T5,48.0,105.0,-57.0
6857,LEON,5,Camion_T5,48.0,85.0,-37.0
6867,LEON,2,Camion_T2,108.0,291.0,-183.0
6872,PALMILLAS BIS,5,Camion_T5,440.0,641.0,-201.0
6874,TEPOTZOTLAN,5,Camion_T5,471.0,678.0,-207.0
6898,PALMILLAS BIS,5,Camion_T5,440.0,641.0,-201.0
6899,PALMILLAS BIS,5,Camion_T5,440.0,641.0,-201.0
6919,CONTEPEC,9,Camion_T9,217.0,275.0,-58.0
6926,PALMILLAS BIS,5,Camion_T5,440.0,641.0,-201.0
6927,CONTEPEC,9,Camion_T9,217.0,275.0,-58.0
6935,PALMILLAS,5,Camion_T5,440.0,641.0,-201.0
6942,PALMILLAS,5,Camion_T5,440.0,641.0,-201.0
6955,PASO DEL TORO,5,Camion_T5,222.0,263.0,-41.0
6966,PERIFERICO,5,Camion_T5,322.0,532.0,-210.0
6972,LEON,2,Camion_T2,108.0,291.0,-183.0
6980,PALMILLAS,5,Camion_T5,440.0,641.0,-201.0
6981,PERIFERICO,5,Camion_T5,322.0,532.0,-210.0
6988,TEPOTZOTLAN,5,Camion_T5,471.0,678.0,-207.0
6999,TEPOTZOTLAN,5,Camion_T5,471.0,678.0,-207.0
7012,TEPOTZOTLAN,5,Camion_T5,471.0,678.0,-207.0
7023,CHAPALA,9,Camion_T9,213.0,244.0,-31.0
7033,CONTEPEC,9,Camion_T9,217.0,275.0,-58.0
7040,TEPOTZOTLAN,5,Camion_T5,471.0,678.0,-207.0
7117,TEPOTZOTLAN,5,Camion_T5,471.0,678.0,-207.0
7168,CHAPALA,5,Camion_T5,190.0,217.0,-27.0
7169,CHAPALA,5,Camion_T5,190.0,217.0,-27.0
7180,PALMILLAS,3,Camion_T3,219.0,440.0,-221.0
7181,CHAPALA,5,Camion_T5,190.0,217.0,-27.0
7247,CHAPALA,5,Camion_T5,190.0,217.0,-27.0
7262,PALMILLAS BIS,5,Camion_T5,440.0,641.0,-201.0
7265,PALMILLAS,5,Camion_T5,440.0,641.0,-201.0
7291,CONTEPEC,9,Camion_T9,141.0,275.0,-134.0
7297,PALMILLAS BIS,5,Camion_T5,440.0,641.0,-201.0
7337,TEPOTZOTLAN,5,Camion_T5,471.0,678.0,-207.0
7360,CHAPALA,5,Camion_T5,190.0,217.0,-27.0
7367,ZAPOTLANEJO,5,Camion_T5,124.0,422.0,-298.0
7367,ZAPOTLANEJO,5,Camion_T5,124.0,340.0,-216.0
7367,ZAPOTLANEJO,5,Camion_T5,124.0,458.0,-334.0
7367,ZAPOTLANEJO,5,Camion_T5,124.0,308.0,-184.0
7367,ZAPOTLANEJO,5,Camion_T5,124.0,209.0,-85.0
7367,ZAPOTLANEJO,5,Camion_T5,124.0,181.0,-57.0
7367,ZAPOTLANEJO,5,Camion_T5,124.0,216.0,-92.0
7367,ZAPOTLANEJO,5,Camion_T5,124.0,164.0,-40.0
7372,ZAPOTLANEJO,5,Camion_T5,124.0,422.0,-298.0
7372,ZAPOTLANEJO,5,Camion_T5,124.0,340.0,-216.0
7372,ZAPOTLANEJO,5,Camion_T5,124.0,458.0,-334.0
7372,ZAPOTLANEJO,5,Camion_T5,124.0,308.0,-184.0
7372,ZAPOTLANEJO,5,Camion_T5,124.0,209.0,-85.0
7372,ZAPOTLANEJO,5,Camion_T5,124.0,181.0,-57.0
7372,ZAPOTLANEJO,5,Camion_T5,124.0,216.0,-92.0
7372,ZAPOTLANEJO,5,Camion_T5,124.0,164.0,-40.0
7373,PERIFERICO,5,Camion_T5,322.0,532.0,-210.0
7378,DOVALI,9,Camion_T9,70.0,108.0,-38.0
7385,CHAPALA,9,Camion_T9,213.0,244.0,-31.0
7388,TEPOTZOTLAN,5,Camion_T5,471.0,678.0,-207.0
7391,TEPOTZOTLAN,5,Camion_T5,471.0,678.0,-207.0
7409,PALMILLAS,5,Camion_T5,440.0,641.0,-201.0
7431,NARANJOS,5,Camion_T5,1189.0,565.0,624.0
7506,TEPOTZOTLAN,5,Camion_T5,471.0,678.0,-207.0
7519,PALMILLAS,9,Camion_T9,641.0,54.0,587.0
7543,PALMILLAS,9,Camion_T9,641.0,54.0,587.0
7544,PALMILLAS BIS,5,Camion_T5,440.0,641.0,-201.0
7550,PALMILLAS BIS,3,Camion_T3,219.0,440.0,-221.0
7562,CUENCAME,5,Camion_T5,205.0,541.0,-336.0
7562,CUENCAME,5,Camion_T5,205.0,336.0,-131.0
7589,CONTEPEC,9,Camion_T9,141.0,275.0,-134.0
7590,CONTEPEC,9,Camion_T9,217.0,275.0,-58.0
7600,PALMILLAS,5,Camion_T5,440.0,641.0,-201.0
7610,CONTEPEC,9,Camion_T9,141.0,275.0,-134.0
7611,PALMILLAS,5,Camion_T5,440.0,641.0,-201.0
7630,LEON,5,Camion_T5,85.0,411.0,-326.0
7630,LEON,5,Camion_T5,85.0,157.0,-72.0
7630,LEON,5,Camion_T5,85.0,131.0,-46.0
7630,LEON,5,Camion_T5,85.0,107.0,-22.0
7630,LEON,5,Camion_T5,85.0,105.0,-20.0
7639,LEON,5,Camion_T5,85.0,411.0,-326.0
7639,LEON,5,Camion_T5,85.0,157.0,-72.0
7639,LEON,5,Camion_T5,85.0,131.0,-46.0
7639,LEON,5,Camion_T5,85.0,107.0,-22.0
7639,LEON,5,Camion_T5,85.0,105.0,-20.0
7641,PALMILLAS BIS,5,Camion_T5,440.0,641.0,-201.0
7645,PASO DEL TORO,5,Camion_T5,222.0,263.0,-41.0
7656,TEPOTZOTLAN,3,Camion_T3,234.0,471.0,-237.0
7679,NARANJOS,9,Camion_T9,1369.0,651.0,718.0
7710,TEPOTZOTLAN,5,Camion_T5,471.0,678.0,-207.0
7728,PALMILLAS BIS,5,Camion_T5,440.0,641.0,-201.0
7733,PALMILLAS,5,Camion_T5,440.0,641.0,-201.0
7734,PERIFERICO,5,Camion_T5,322.0,532.0,-210.0
7738,PALMILLAS BIS,9,Camion_T9,641.0,54.0,587.0
7752,PALMILLAS,9,Camion_T9,641.0,54.0,587.0
7758,CONTEPEC,9,Camion_T9,141.0,275.0,-134.0
7769,CHAPALA,5,Camion_T5,190.0,217.0,-27.0
7771,PALMILLAS BIS,5,Camion_T5,440.0,641.0,-201.0
7781,CHAPALA,9,Camion_T9,213.0,244.0,-31.0
7797,TEPOTZOTLAN,5,Camion_T5,471.0,678.0,-207.0
7802,PALMILLAS,9,Camion_T9,641.0,54.0,587.0
7830,LEON,5,Camion_T5,85.0,411.0,-326.0
7830,LEON,5,Camion_T5,85.0,157.0,-72.0
7830,LEON,5,Camion_T5,85.0,131.0,-46.0
7830,LEON,5,Camion_T5,85.0,107.0,-22.0
7830,LEON,5,Camion_T5,85.0,105.0,-20.0
7837,PALMILLAS,5,Camion_T5,440.0,641.0,-201.0
7838,PERIFERICO,5,Camion_T5,322.0,532.0,-210.0
7842,XONACATLAN,2,Camion_T2,80.0,215.0,-135.0
7842,XONACATLAN,2,Camion_T2,80.0,135.0,-55.0
7850,TEPOTZOTLAN,9,Camion_T9,678.0,54.0,624.0
7851,TEPOTZOTLAN,5,Camion_T5,471.0,678.0,-207.0
7856,PALMILLAS,5,Camion_T5,440.0,641.0,-201.0
7864,LEON,4,Camion_T4,58.0,291.0,-233.0
7864,LEON,4,Camion_T4,58.0,108.0,-50.0
7864,LEON,4,Camion_T4,58.0,87.0,-29.0
7864,LEON,4,Camion_T4,58.0,75.0,-17.0
7864,LEON,4,Camion_T4,58.0,72.0,-14.0
7878,PERIFERICO,4,Camion_T4,178.0,294.0,-116.0
7883,CHAPALA,9,Camion_T9,213.0,244.0,-31.0
7900,LEON,5,Camion_T5,85.0,411.0,-326.0
7900,LEON,5,Camion_T5,85.0,157.0,-72.0
7900,LEON,5,Camion_T5,85.0,131.0,-46.0
7900,LEON,5,Camion_T5,85.0,107.0,-22.0
7900,LEON,5,Camion_T5,85.0,105.0,-20.0
7905,LEON,5,Camion_T5,85.0,411.0,-326.0
7905,LEON,5,Camion_T5,85.0,157.0,-72.0
7905,LEON,5,Camion_T5,85.0,131.0,-46.0
7905,LEON,5,Camion_T5,85.0,107.0,-22.0
7905,LEON,5,Camion_T5,85.0,105.0,-20.0
7907,PERIFERICO,5,Camion_T5,322.0,532.0,-210.0
7911,PALMILLAS,5,Camion_T5,440.0,641.0,-201.0
7912,TEPOTZOTLAN,5,Camion_T5,471.0,678.0,-207.0
7932,TEPOTZOTLAN,5,Camion_T5,471.0,678.0,-207.0
7937,PALMILLAS BIS,5,Camion_T5,440.0,641.0,-201.0
7943,PERIFERICO,5,Camion_T5,322.0,532.0,-210.0
7959,PALMILLAS,9,Camion_T9,641.0,54.0,587.0
7979,CHAPALA,9,Camion_T9,213.0,244.0,-31.0
7982,PALMILLAS BIS,5,Camion_T5,440.0,641.0,-201.0
7984,PALMILLAS,5,Camion_T5,440.0,641.0,-201.0
7988,PALMILLAS,5,Camion_T5,440.0,641.0,-201.0
8001,CHAPALA,5,Camion_T5,190.0,217.0,-27.0
8002,LEON,3,Camion_T3,58.0,291.0,-233.0
8002,LEON,3,Camion_T3,58.0,108.0,-50.0
8002,LEON,3,Camion_T3,58.0,87.0,-29.0
8002,LEON,3,Camion_T3,58.0,75.0,-17.0
8002,LEON,3,Camion_T3,58.0,72.0,-14.0
8004,LEON,5,Camion_T5,48.0,411.0,-363.0
8004,LEON,5,Camion_T5,48.0,157.0,-109.0
8004,LEON,5,Camion_T5,48.0,131.0,-83.0
8004,LEON,5,Camion_T5,48.0,107.0,-59.0
8004,LEON,5,Camion_T5,48.0,105.0,-57.0
8004,LEON,5,Camion_T5,48.0,85.0,-37.0
8013,CHAPALA,9,Camion_T9,213.0,244.0,-31.0
8031,TEPOTZOTLAN,5,Camion_T5,471.0,678.0,-207.0
8037,PALMILLAS,5,Camion_T5,440.0,641.0,-201.0
8044,PALMILLAS BIS,9,Camion_T9,641.0,54.0,587.0
8075,LEON,5,Camion_T5,107.0,411.0,-304.0
8075,LEON,5,Camion_T5,107.0,157.0,-50.0
8075,LEON,5,Camion_T5,107.0,131.0,-24.0
8077,LEON,3,Camion_T3,33.0,291.0,-258.0
8077,LEON,3,Camion_T3,33.0,108.0,-75.0
8077,LEON,3,Camion_T3,33.0,87.0,-54.0
8077,LEON,3,Camion_T3,33.0,75.0,-42.0
8077,LEON,3,Camion_T3,33.0,72.0,-39.0
8077,LEON,3,Camion_T3,33.0,58.0,-25.0
8093,PASO DEL TORO,5,Camion_T5,222.0,263.0,-41.0
8104,LEON,3,Camion_T3,58.0,291.0,-233.0
8104,LEON,3,Camion_T3,58.0,108.0,-50.0
8104,LEON,3,Camion_T3,58.0,87.0,-29.0
8104,LEON,3,Camion_T3,58.0,75.0,-17.0
8104,LEON,3,Camion_T3,58.0,72.0,-14.0
8107,LEON,5,Camion_T5,85.0,411.0,-326.0
8107,LEON,5,Camion_T5,85.0,157.0,-72.0
8107,LEON,5,Camion_T5,85.0,131.0,-46.0
8107,LEON,5,Camion_T5,85.0,107.0,-22.0
8107,LEON,5,Camion_T5,85.0,105.0,-20.0
8122,PALMILLAS,9,Camion_T9,641.0,54.0,587.0
8123,PALMILLAS,9,Camion_T9,641.0,54.0,587.0
8141,CONTEPEC,9,Camion_T9,217.0,275.0,-58.0
8142,LEON,4,Camion_T4,58.0,291.0,-233.0
8142,LEON,4,Camion_T4,58.0,108.0,-50.0
8142,LEON,4,Camion_T4,58.0,87.0,-29.0
8142,LEON,4,Camion_T4,58.0,75.0,-17.0
8142,LEON,4,Camion_T4,58.0,72.0,-14.0
8152,PALMILLAS BIS,5,Camion_T5,440.0,641.0,-201.0
8156,PALMILLAS,5,Camion_T5,440.0,641.0,-201.0
8157,PALMILLAS,5,Camion_T5,440.0,641.0,-201.0
8169,CONTEPEC,9,Camion_T9,217.0,275.0,-58.0
8171,TEPOTZOTLAN,5,Camion_T5,471.0,678.0,-207.0
8177,TEPOTZOTLAN,5,Camion_T5,471.0,678.0,-207.0
8179,PALMILLAS,5,Camion_T5,440.0,641.0,-201.0
8186,PALMILLAS,9,Camion_T9,641.0,54.0,587.0
8200,JOROBAS,5,Camion_T5,254.0,364.0,-110.0
8230,TEPOTZOTLAN,5,Camion_T5,471.0,678.0,-207.0
8241,PALMILLAS,5,Camion_T5,440.0,641.0,-201.0
8255,PALMILLAS,5,Camion_T5,440.0,641.0,-201.0
8263,PALMILLAS,9,Camion_T9,641.0,54.0,587.0
8272,PASO DEL TORO,5,Camion_T5,222.0,263.0,-41.0
8280,CONTEPEC,9,Camion_T9,217.0,275.0,-58.0
8286,PERIFERICO,5,Camion_T5,322.0,532.0,-210.0
8291,TEPOTZOTLAN,5,Camion_T5,471.0,678.0,-207.0
8298,PALMILLAS,5,Camion_T5,440.0,641.0,-201.0
8318,CHAPALA,9,Camion_T9,213.0,244.0,-31.0
8326,PALMILLAS,5,Camion_T5,440.0,641.0,-201.0
8349,CUENCAME,5,Camion_T5,205.0,541.0,-336.0
8349,CUENCAME,5,Camion_T5,205.0,336.0,-131.0
8354,CHAPALA,5,Camion_T5,190.0,217.0,-27.0
8407,PERIFERICO,5,Camion_T5,322.0,532.0,-210.0
8438,CHAPALA,7,Camion_T7,213.0,244.0,-31.0
8445,PALMILLAS BIS,5,Camion_T5,440.0,641.0,-201.0
8453,PASO DEL TORO,5,Camion_T5,222.0,263.0,-41.0
8484,PALMILLAS,5,Camion_T5,440.0,641.0,-201.0
8493,NARANJOS,9,Camion_T9,1369.0,651.0,718.0
8498,TEPOTZOTLAN,5,Camion_T5,471.0,678.0,-207.0
8513,CHAPALA,5,Camion_T5,190.0,217.0,-27.0
8557,CEBALLOS,2,Camion_T2,238.0,209.0,29.0
8566,PALMILLAS BIS,5,Camion_T5,440.0,641.0,-201.0
8586,CHAPALA,7,Camion_T7,213.0,244.0,-31.0
8598,CHAPALA,9,Camion_T9,213.0,244.0,-31.0
8606,PALMILLAS BIS,5,Camion_T5,440.0,641.0,-201.0
8622,PASO DEL TORO,5,Camion_T5,222.0,263.0,-41.0
8626,PALMILLAS,5,Camion_T5,440.0,641.0,-201.0
8627,PALMILLAS,5,Camion_T5,440.0,641.0,-201.0
8636,PASO DEL TORO,5,Camion_T5,222.0,263.0,-41.0
8645,TEPOTZOTLAN,5,Camion_T5,471.0,678.0,-207.0
8650,PERIFERICO,5,Camion_T5,322.0,532.0,-210.0
8660,PASO DEL TORO,5,Camion_T5,222.0,263.0,-41.0
8661,PASO DEL TORO,5,Camion_T5,222.0,263.0,-41.0
8663,JOROBAS,5,Camion_T5,254.0,364.0,-110.0
8671,TEPOTZOTLAN,5,Camion_T5,471.0,678.0,-207.0
8689,CONTEPEC,9,Camion_T9,217.0,275.0,-58.0
8692,CHAPALA,5,Camion_T5,190.0,217.0,-27.0
8708,PALMILLAS,5,Camion_T5,440.0,641.0,-201.0
8720,CONTEPEC,9,Camion_T9,217.0,275.0,-58.0
8743,TEPOTZOTLAN,5,Camion_T5,471.0,678.0,-207.0
8746,JOROBAS,5,Camion_T5,254.0,364.0,-110.0
8747,PASO DEL TORO,5,Camion_T5,222.0,263.0,-41.0
8752,TEPOTZOTLAN,3,Camion_T3,234.0,471.0,-237.0
8756,PASO DEL TORO,5,Camion_T5,222.0,263.0,-41.0
8766,PALMILLAS BIS,5,Camion_T5,440.0,641.0,-201.0
8796,LOS CHORROS,2,Camion_T2,133.0,179.0,-46.0
8801,XONACATLAN,5,Camion_T5,160.0,429.0,-269.0
8801,XONACATLAN,5,Camion_T5,160.0,269.0,-109.0
8812,LA VENTA,5,Camion_T5,761.0,306.0,455.0
8850,PERIFERICO,5,Camion_T5,322.0,532.0,-210.0
8851,TEPOTZOTLAN,5,Camion_T5,471.0,678.0,-207.0
8860,CONTEPEC,9,Camion_T9,141.0,275.0,-134.0
8868,PALMILLAS,5,Camion_T5,440.0,641.0,-201.0
8871,PALMILLAS,5,Camion_T5,440.0,641.0,-201.0
8877,PASO DEL TORO,5,Camion_T5,222.0,263.0,-41.0
8904,PALMILLAS BIS,5,Camion_T5,440.0,641.0,-201.0
8913,CHAPALA,5,Camion_T5,190.0,217.0,-27.0
8923,XONACATLAN,5,Camion_T5,160.0,429.0,-269.0
8923,XONACATLAN,5,Camion_T5,160.0,269.0,-109.0
8929,ZACATECAS,9,Camion_T9,89.0,115.0,-26.0
8933,TEPOTZOTLAN,5,Camion_T5,471.0,678.0,-207.0
8946,PALMILLAS,9,Camion_T9,641.0,54.0,587.0
8951,GUADALUPE,2,Camion_T2,119.0,162.0,-43.0
8989,PERIFERICO,2,Camion_T2,178.0,294.0,-116.0
8992,CHAPALA,4,Camion_T4,123.0,141.0,-18.0
8996,JOROBAS,5,Camion_T5,254.0,364.0,-110.0
9004,PALMILLAS,5,Camion_T5,440.0,641.0,-201.0
9010,TEPOTZOTLAN,5,Camion_T5,471.0,678.0,-207.0
9016,LOS CHORROS,2,Camion_T2,133.0,179.0,-46.0
9038,TEPOTZOTLAN,5,Camion_T5,471.0,678.0,-207.0
9071,CUENCAME,5,Camion_T5,205.0,541.0,-336.0
9071,CUENCAME,5,Camion_T5,205.0,336.0,-131.0
9072,CUENCAME,4,Camion_T4,145.0,380.0,-235.0
9072,CUENCAME,4,Camion_T4,145.0,235.0,-90.0
9091,PASO DEL TORO,5,Camion_T5,222.0,263.0,-41.0
9115,PALMILLAS BIS,5,Camion_T5,440.0,641.0,-201.0
9120,PALMILLAS,9,Camion_T9,641.0,54.0,587.0
9134,PALMILLAS BIS,5,Camion_T5,440.0,641.0,-201.0
9150,PASO DEL TORO,5,Camion_T5,222.0,263.0,-41.0
9184,NARANJOS,9,Camion_T9,1369.0,651.0,718.0
9187,PALMILLAS BIS,5,Camion_T5,440.0,641.0,-201.0
9188,PALMILLAS BIS,5,Camion_T5,440.0,641.0,-201.0
9197,PALMILLAS,9,Camion_T9,641.0,54.0,587.0
9199,PALMILLAS,9,Camion_T9,641.0,54.0,587.0
9200,PALMILLAS,9,Camion_T9,641.0,54.0,587.0
9202,LOS CHORROS,9,Camion_T9,437.0,347.0,90.0
9206,TEPOTZOTLAN,5,Camion_T5,471.0,678.0,-207.0
9207,PALMILLAS BIS,9,Camion_T9,641.0,54.0,587.0
9209,TEPOTZOTLAN,5,Camion_T5,471.0,678.0,-207.0
9210,TEPOTZOTLAN,3,Camion_T3,234.0,471.0,-237.0
9211,TEPOTZOTLAN,5,Camion_T5,471.0,678.0,-207.0
9219,JOROBAS,5,Camion_T5,254.0,364.0,-110.0
9245,PALMILLAS,5,Camion_T5,440.0,641.0,-201.0
9246,PALMILLAS,5,Camion_T5,440.0,641.0,-201.0
9257,PALMILLAS,5,Camion_T5,440.0,641.0,-201.0
9261,PALMILLAS BIS,5,Camion_T5,440.0,641.0,-201.0
9273,PASO DEL TORO,5,Camion_T5,222.0,263.0,-41.0
9278,TEPOTZOTLAN,5,Camion_T5,471.0,678.0,-207.0
9279,PALMILLAS BIS,5,Camion_T5,440.0,641.0,-201.0
9285,CHAPALA,5,Camion_T5,190.0,217.0,-27.0
9290,TEPOTZOTLAN,9,Camion_T9,678.0,54.0,624.0
9296,TEPOTZOTLAN,5,Camion_T5,471.0,678.0,-207.0
9320,PALMILLAS,9,Camion_T9,641.0,54.0,587.0
9348,PALMILLAS,9,Camion_T9,641.0,54.0,587.0
9358,PASO DEL TORO,5,Camion_T5,222.0,263.0,-41.0
9366,CONTEPEC,9,Camion_T9,217.0,275.0,-58.0
9405,TEPOTZOTLAN,5,Camion_T5,471.0,678.0,-207.0
9421,TEPOTZOTLAN,5,Camion_T5,471.0,678.0,-207.0
9422,NARANJOS,7,Camion_T7,1369.0,651.0,718.0
9467,TEPOTZOTLAN,5,Camion_T5,471.0,678.0,-207.0
9480,PALMILLAS,5,Camion_T5,440.0,641.0,-201.0
9493,CHAPALA,9,Camion_T9,213.0,244.0,-31.0
9499,PALMILLAS,5,Camion_T5,440.0,641.0,-201.0
9504,PALMILLAS BIS,5,Camion_T5,440.0,641.0,-201.0
9512,CUENCAME,5,Camion_T5,205.0,541.0,-336.0
9512,CUENCAME,5,Camion_T5,205.0,336.0,-131.0
9523,PALMILLAS,9,Camion_T9,641.0,54.0,587.0
9525,PALMILLAS,9,Camion_T9,641.0,54.0,587.0
9565,PALMILLAS,5,Camion_T5,440.0,641.0,-201.0
9609,LEON,2,Camion_T2,108.0,291.0,-183.0
9631,PALMILLAS BIS,5,Camion_T5,440.0,641.0,-201.0
9643,LEON,2,Camion_T2,108.0,291.0,-183.0
9676,PALMILLAS BIS,5,Camion_T5,440.0,641.0,-201.0
9700,CUENCAME,5,Camion_T5,205.0,541.0,-336.0
9700,CUENCAME,5,Camion_T5,205.0,336.0,-131.0
9710,TEPATITLAN,9,Camion_T9,703.0,806.0,-103.0
9714,TEPATITLAN,9,Camion_T9,103.0,806.0,-703.0
9714,TEPATITLAN,9,Camion_T9,103.0,703.0,-600.0
9714,TEPATITLAN,9,Camion_T9,103.0,628.0,-525.0
9714,TEPATITLAN,9,Camion_T9,103.0,516.0,-413.0
9714,TEPATITLAN,9,Camion_T9,103.0,540.0,-437.0
9714,TEPATITLAN,9,Camion_T9,103.0,250.0,-147.0
9714,TEPATITLAN,9,Camion_T9,103.0,413.0,-310.0
9714,TEPATITLAN,9,Camion_T9,103.0,226.0,-123.0
9714,TEPATITLAN,9,Camion_T9,103.0,123.0,-20.0
9748,TEPOTZOTLAN,5,Camion_T5,471.0,678.0,-207.0
9752,PALMILLAS,5,Camion_T5,440.0,641.0,-201.0
9753,PALMILLAS BIS,5,Camion_T5,440.0,641.0,-201.0
9785,PERIFERICO,5,Camion_T5,322.0,532.0,-210.0
9786,PERIFERICO,5,Camion_T5,322.0,532.0,-210.0
9795,NARANJOS,6,Camion_T6,1189.0,565.0,624.0
9824,CHAPALA,5,Camion_T5,190.0,217.0,-27.0
9825,NARANJOS,5,Camion_T5,1189.0,565.0,624.0
9853,PERIFERICO,9,Camion_T9,335.0,555.0,-220.0
9870,PASO DEL TORO,5,Camion_T5,222.0,263.0,-41.0
9873,PALMILLAS BIS,5,Camion_T5,440.0,641.0,-201.0
9884,PALMILLAS,9,Camion_T9,641.0,54.0,587.0
9917,CHAPALA,9,Camion_T9,213.0,244.0,-31.0
9930,PALMILLAS,5,Camion_T5,440.0,641.0,-201.0
9935,PALMILLAS,9,Camion_T9,641.0,54.0,587.0
9960,TEPOTZOTLAN,5,Camion_T5,471.0,678.0,-207.0
9976,TEPOTZOTLAN,5,Camion_T5,471.0,678.0,-207.0
9979,CONTEPEC,9,Camion_T9,217.0,275.0,-58.0
9997,SAN MARCOS,5,Camion_T5,75.0,628.0,-553.0
10012,PALMILLAS BIS,9,Camion_T9,641.0,54.0,587.0
10028,PALMILLAS BIS,9,Camion_T9,641.0,54.0,587.0
10029,TEPOTZOTLAN,5,Camion_T5,471.0,678.0,-207.0
10037,CHAPALA,9,Camion_T9,213.0,244.0,-31.0
10039,CONTEPEC,9,Camion_T9,217.0,275.0,-58.0
10055,PALMILLAS,5,Camion_T5,440.0,641.0,-201.0
10056,PALMILLAS,5,Camion_T5,440.0,641.0,-201.0
10057,PALMILLAS,9,Camion_T9,641.0,54.0,587.0
10059,LEON,5,Camion_T5,131.0,411.0,-280.0
10059,LEON,5,Camion_T5,131.0,157.0,-26.0
10060,CONTEPEC,9,Camion_T9,217.0,275.0,-58.0
10074,CHAPALA,4,Camion_T4,123.0,141.0,-18.0
10087,PALMILLAS,5,Camion_T5,440.0,641.0,-201.0
10098,CONTEPEC,9,Camion_T9,141.0,275.0,-134.0
10112,CHAPALA,9,Camion_T9,213.0,244.0,-31.0
10120,AGUJITA-ALLENDE,9,Camion_T9,325.0,360.0,-35.0
10125,CONTEPEC,9,Camion_T9,217.0,275.0,-58.0
10154,TEPOTZOTLAN,9,Camion_T9,678.0,54.0,624.0
10155,CONTEPEC,9,Camion_T9,217.0,275.0,-58.0
10163,PALMILLAS BIS,5,Camion_T5,440.0,641.0,-201.0
10164,TEPOTZOTLAN,5,Camion_T5,471.0,678.0,-207.0
10179,PALMILLAS,5,Camion_T5,440.0,641.0,-201.0
10184,PALMILLAS,5,Camion_T5,440.0,641.0,-201.0
10188,TEPOTZOTLAN,5,Camion_T5,471.0,678.0,-207.0
10191,PALMILLAS BIS,5,Camion_T5,440.0,641.0,-201.0
10220,TEPOTZOTLAN,5,Camion_T5,471.0,678.0,-207.0
10229,PERIFERICO,5,Camion_T5,322.0,532.0,-210.0
10240,TEPOTZOTLAN,5,Camion_T5,471.0,678.0,-207.0
10252,TEPOTZOTLAN,5,Camion_T5,471.0,678.0,-207.0
10270,PALMILLAS,5,Camion_T5,440.0,641.0,-201.0
10271,TEPOTZOTLAN,5,Camion_T5,471.0,678.0,-207.0
10277,PALMILLAS BIS,5,Camion_T5,440.0,641.0,-201.0
10299,TEPOTZOTLAN,5,Camion_T5,471.0,678.0,-207.0
10300,TEPOTZOTLAN,5,Camion_T5,471.0,678.0,-207.0
10304,TEPOTZOTLAN,5,Camion_T5,471.0,678.0,-207.0
10309,PASO DEL TORO,5,Camion_T5,222.0,263.0,-41.0
10322,CUENCAME,5,Camion_T5,205.0,541.0,-336.0
10322,CUENCAME,5,Camion_T5,205.0,336.0,-131.0
10323,CUENCAME,5,Camion_T5,205.0,541.0,-336.0
10323,CUENCAME,5,Camion_T5,205.0,336.0,-131.0
10329,CHAPALA,9,Camion_T9,213.0,244.0,-31.0
10345,CHAPALA,9,Camion_T9,213.0,244.0,-31.0
10347,CHAPALA,9,Camion_T9,213.0,244.0,-31.0
10355,PALMILLAS,5,Camion_T5,440.0,641.0,-201.0
10372,CUENCAME,5,Camion_T5,205.0,541.0,-336.0
10372,CUENCAME,5,Camion_T5,205.0,336.0,-131.0
10395,PERIFERICO,5,Camion_T5,322.0,532.0,-210.0
10412,LEON,3,Camion_T3,33.0,291.0,-258.0
10412,LEON,3,Camion_T3,33.0,108.0,-75.0
10412,LEON,3,Camion_T3,33.0,87.0,-54.0
10412,LEON,3,Camion_T3,33.0,75.0,-42.0
10412,LEON,3,Camion_T3,33.0,72.0,-39.0
10412,LEON,3,Camion_T3,33.0,58.0,-25.0
10414,CUENCAME,4,Camion_T4,145.0,380.0,-235.0
10414,CUENCAME,4,Camion_T4,145.0,235.0,-90.0
10417,PERIFERICO,5,Camion_T5,322.0,532.0,-210.0
10424,PASO DEL TORO,5,Camion_T5,222.0,263.0,-41.0
10440,PERIFERICO,5,Camion_T5,322.0,532.0,-210.0
10458,PERIFERICO,5,Camion_T5,322.0,532.0,-210.0
10465,CONTEPEC,9,Camion_T9,217.0,275.0,-58.0
10467,NARANJOS,3,Camion_T3,794.0,378.0,416.0
10473,PALMILLAS,3,Camion_T3,219.0,440.0,-221.0
10475,PALMILLAS,9,Camion_T9,641.0,54.0,587.0
10488,JOROBAS,5,Camion_T5,254.0,364.0,-110.0
10521,TEPOTZOTLAN,5,Camion_T5,471.0,678.0,-207.0
10547,PALMILLAS,9,Camion_T9,641.0,54.0,587.0
10561,PALMILLAS,5,Camion_T5,440.0,641.0,-201.0
10566,TEPOTZOTLAN,9,Camion_T9,678.0,54.0,624.0
10567,OCOTLAN,9,Camion_T9,668.0,839.0,-171.0
10567,OCOTLAN,9,Camion_T9,668.0,732.0,-64.0
10567,OCOTLAN,9,Camion_T9,668.0,629.0,39.0
10590,PALMILLAS BIS,9,Camion_T9,641.0,54.0,587.0
10594,PALMILLAS,5,Camion_T5,440.0,641.0,-201.0
10595,PALMILLAS,5,Camion_T5,440.0,641.0,-201.0
10596,PALMILLAS,5,Camion_T5,440.0,641.0,-201.0
10597,PALMILLAS,5,Camion_T5,440.0,641.0,-201.0
10603,PERIFERICO,5,Camion_T5,322.0,532.0,-210.0
10604,CONTEPEC,9,Camion_T9,141.0,275.0,-134.0
10606,TEPOTZOTLAN,5,Camion_T5,471.0,678.0,-207.0
10613,PALMILLAS,5,Camion_T5,440.0,641.0,-201.0
10640,PALMILLAS,9,Camion_T9,641.0,54.0,587.0
10644,TEPOTZOTLAN,5,Camion_T5,471.0,678.0,-207.0
10645,TEPOTZOTLAN,5,Camion_T5,471.0,678.0,-207.0
10662,PALMILLAS BIS,5,Camion_T5,440.0,641.0,-201.0
10665,PALMILLAS BIS,9,Camion_T9,641.0,54.0,587.0
10676,ZACATECAS,9,Camion_T9,89.0,115.0,-26.0
10693,OCOTLAN,9,Camion_T9,171.0,839.0,-668.0
10693,OCOTLAN,9,Camion_T9,171.0,732.0,-561.0
10693,OCOTLAN,9,Camion_T9,171.0,629.0,-458.0
10693,OCOTLAN,9,Camion_T9,171.0,668.0,-497.0
10693,OCOTLAN,9,Camion_T9,171.0,549.0,-378.0
10693,OCOTLAN,9,Camion_T9,171.0,549.0,-378.0
10693,OCOTLAN,9,Camion_T9,171.0,466.0,-295.0
10693,OCOTLAN,9,Camion_T9,171.0,378.0,-207.0
10693,OCOTLAN,9,Camion_T9,171.0,378.0,-207.0
10693,OCOTLAN,9,Camion_T9,171.0,259.0,-88.0
10693,OCOTLAN,9,Camion_T9,171.0,216.0,-45.0
10744,PALMILLAS,9,Camion_T9,641.0,54.0,587.0
10749,PALMILLAS,5,Camion_T5,440.0,641.0,-201.0
10765,CONTEPEC,9,Camion_T9,217.0,275.0,-58.0
10828,PERIFERICO,5,Camion_T5,322.0,532.0,-210.0
10839,PALMILLAS,9,Camion_T9,641.0,54.0,587.0
10871,PALMILLAS BIS,5,Camion_T5,440.0,641.0,-201.0
10877,CONTEPEC,9,Camion_T9,217.0,275.0,-58.0
10894,PASO DEL TORO,5,Camion_T5,222.0,263.0,-41.0
10913,TEPOTZOTLAN,5,Camion_T5,471.0,678.0,-207.0
10916,CHAPALA,5,Camion_T5,190.0,217.0,-27.0
10928,AGUJITA-ALLENDE,9,Camion_T9,325.0,360.0,-35.0
10959,CUENCAME,5,Camion_T5,205.0,541.0,-336.0
10959,CUENCAME,5,Camion_T5,205.0,336.0,-131.0
10960,CUENCAME,5,Camion_T5,205.0,541.0,-336.0
10960,CUENCAME,5,Camion_T5,205.0,336.0,-131.0
10978,CHAPALA,9,Camion_T9,213.0,244.0,-31.0
10995,PALMILLAS BIS,5,Camion_T5,440.0,641.0,-201.0
10998,TEPOTZOTLAN,5,Camion_T5,471.0,678.0,-207.0
11022,PERIFERICO,5,Camion_T5,322.0,532.0,-210.0
11028,PALMILLAS BIS,5,Camion_T5,440.0,641.0,-201.0
11048,CHAPALA,6,Camion_T6,190.0,217.0,-27.0
11057,CUENCAME,5,Camion_T5,205.0,541.0,-336.0
11057,CUENCAME,5,Camion_T5,205.0,336.0,-131.0
11064,TEPOTZOTLAN,5,Camion_T5,471.0,678.0,-207.0
11082,PALMILLAS BIS,5,Camion_T5,440.0,641.0,-201.0
11089,ZACATECAS,2,Camion_T2,115.0,64.0,51.0
11102,CONTEPEC,9,Camion_T9,217.0,275.0,-58.0
11119,PALMILLAS,5,Camion_T5,440.0,641.0,-201.0
11146,CONTEPEC,9,Camion_T9,217.0,275.0,-58.0
11196,TEPOTZOTLAN,5,Camion_T5,471.0,678.0,-207.0
11230,PALMILLAS,9,Camion_T9,641.0,54.0,587.0
11261,PALMILLAS,3,Camion_T3,219.0,440.0,-221.0
11272,PALMILLAS BIS,5,Camion_T5,440.0,641.0,-201.0
11275,TEPOTZOTLAN,5,Camion_T5,471.0,678.0,-207.0
11278,PALMILLAS,5,Camion_T5,440.0,641.0,-201.0
11281,PALMILLAS,5,Camion_T5,440.0,641.0,-201.0
11283,PALMILLAS,5,Camion_T5,440.0,641.0,-201.0
11284,TEPOTZOTLAN,5,Camion_T5,471.0,678.0,-207.0
11287,PALMILLAS,9,Camion_T9,641.0,54.0,587.0
11296,PASO DEL TORO,5,Camion_T5,222.0,263.0,-41.0
11302,PALMILLAS,5,Camion_T5,440.0,641.0,-201.0
11323,JOROBAS,5,Camion_T5,254.0,364.0,-110.0
11338,PALMILLAS,5,Camion_T5,440.0,641.0,-201.0
11348,PALMILLAS BIS,5,Camion_T5,440.0,641.0,-201.0
11349,PALMILLAS BIS,5,Camion_T5,440.0,641.0,-201.0
11407,PALMILLAS,5,Camion_T5,440.0,641.0,-201.0
11414,TEPOTZOTLAN,5,Camion_T5,471.0,678.0,-207.0
11415,CONTEPEC,9,Camion_T9,141.0,275.0,-134.0
11421,CHAPALA,5,Camion_T5,190.0,217.0,-27.0
11425,PALMILLAS,5,Camion_T5,440.0,641.0,-201.0
11434,TEPOTZOTLAN,5,Camion_T5,471.0,678.0,-207.0
11440,TEPOTZOTLAN,5,Camion_T5,471.0,678.0,-207.0
11465,SAN MARCOS,5,Camion_T5,75.0,628.0,-553.0
11466,PALMILLAS,5,Camion_T5,440.0,641.0,-201.0
11476,PASO DEL TORO,5,Camion_T5,222.0,263.0,-41.0
11489,PALMILLAS BIS,9,Camion_T9,641.0,54.0,587.0
11504,TEPOTZOTLAN,5,Camion_T5,471.0,678.0,-207.0
11513,PASO DEL TORO,5,Camion_T5,222.0,263.0,-41.0
11515,PALMILLAS,5,Camion_T5,440.0,641.0,-201.0
11517,PERIFERICO,5,Camion_T5,322.0,532.0,-210.0
11525,ZACATECAS,2,Camion_T2,115.0,64.0,51.0
11569,PASO DEL TORO,5,Camion_T5,222.0,263.0,-41.0
11574,CONTEPEC,9,Camion_T9,217.0,275.0,-58.0
11601,PASO DEL TORO,5,Camion_T5,222.0,263.0,-41.0
11603,CONTEPEC,9,Camion_T9,141.0,275.0,-134.0
11641,PALMILLAS BIS,3,Camion_T3,219.0,440.0,-221.0
11652,CHAPALA,5,Camion_T5,190.0,217.0,-27.0
11655,PALMILLAS,9,Camion_T9,641.0,54.0,587.0
11656,PERIFERICO,5,Camion_T5,322.0,532.0,-210.0
11657,PERIFERICO,5,Camion_T5,322.0,532.0,-210.0
11673,TEPOTZOTLAN,5,Camion_T5,471.0,678.0,-207.0
11678,PALMILLAS,5,Camion_T5,440.0,641.0,-201.0
11683,PALMILLAS,9,Camion_T9,641.0,54.0,587.0
11693,PERIFERICO,5,Camion_T5,322.0,532.0,-210.0
11697,PERIFERICO,5,Camion_T5,322.0,532.0,-210.0
11698,PALMILLAS,5,Camion_T5,440.0,641.0,-201.0
11728,PASO DEL TORO,5,Camion_T5,222.0,263.0,-41.0
11734,CONTEPEC,9,Camion_T9,141.0,275.0,-134.0
11736,TEPOTZOTLAN,5,Camion_T5,471.0,678.0,-207.0
11743,CONTEPEC,9,Camion_T9,141.0,275.0,-134.0
11750,TEPOTZOTLAN,5,Camion_T5,471.0,678.0,-207.0
11768,TEPOTZOTLAN,5,Camion_T5,471.0,678.0,-207.0
11769,PALMILLAS,5,Camion_T5,440.0,641.0,-201.0
11781,TEPOTZOTLAN,5,Camion_T5,471.0,678.0,-207.0
11802,CUENCAME,5,Camion_T5,205.0,541.0,-336.0
11802,CUENCAME,5,Camion_T5,205.0,336.0,-131.0
11805,PALMILLAS,9,Camion_T9,641.0,54.0,587.0
11811,PALMILLAS BIS,5,Camion_T5,440.0,641.0,-201.0
11812,PALMILLAS,5,Camion_T5,440.0,641.0,-201.0
11835,PALMILLAS BIS,5,Camion_T5,440.0,641.0,-201.0
11844,PALMILLAS,5,Camion_T5,440.0,641.0,-201.0
11854,PASO DEL TORO,5,Camion_T5,222.0,263.0,-41.0
11857,CHAPALA,5,Camion_T5,190.0,217.0,-27.0
11881,CONTEPEC,9,Camion_T9,217.0,275.0,-58.0
11910,PALMILLAS BIS,5,Camion_T5,440.0,641.0,-201.0
11912,PALMILLAS BIS,5,Camion_T5,440.0,641.0,-201.0
11914,PALMILLAS,9,Camion_T9,641.0,54.0,587.0
11916,TEPOTZOTLAN,5,Camion_T5,471.0,678.0,-207.0
11918,GUADALUPE,5,Camion_T5,235.0,310.0,-75.0
11931,CONTEPEC,9,Camion_T9,217.0,275.0,-58.0
11966,TEPOTZOTLAN,5,Camion_T5,471.0,678.0,-207.0
12009,CHAPALA,5,Camion_T5,190.0,217.0,-27.0
12015,PALMILLAS BIS,5,Camion_T5,440.0,641.0,-201.0
12031,PALMILLAS BIS,5,Camion_T5,440.0,641.0,-201.0
12041,PASO DEL TORO,5,Camion_T5,222.0,263.0,-41.0
12055,PALMILLAS,5,Camion_T5,440.0,641.0,-201.0
12063,PALMILLAS,5,Camion_T5,440.0,641.0,-201.0
12067,PASO DEL TORO,5,Camion_T5,222.0,263.0,-41.0
12090,TEPOTZOTLAN,5,Camion_T5,471.0,678.0,-207.0
12106,CHAPALA,9,Camion_T9,213.0,244.0,-31.0
12113,PALMILLAS,9,Camion_T9,641.0,54.0,587.0
12114,PALMILLAS,9,Camion_T9,641.0,54.0,587.0
12115,TEPOTZOTLAN,5,Camion_T5,471.0,678.0,-207.0
12129,TEPOTZOTLAN,5,Camion_T5,471.0,678.0,-207.0
12131,ZACATECAS,4,Camion_T4,115.0,89.0,26.0
12158,PERIFERICO,5,Camion_T5,322.0,532.0,-210.0
12162,MALPASITO,2,Camion_T2,180.0,153.0,27.0
12162,MALPASITO,2,Camion_T2,180.0,96.0,84.0
12162,MALPASITO,2,Camion_T2,180.0,87.0,93.0
12184,CONTEPEC,9,Camion_T9,217.0,275.0,-58.0
12196,PALMILLAS,5,Camion_T5,440.0,641.0,-201.0
12208,PERIFERICO,5,Camion_T5,322.0,532.0,-210.0
12212,PALMILLAS,9,Camion_T9,641.0,54.0,587.0
12214,TEPOTZOTLAN,5,Camion_T5,471.0,678.0,-207.0
12221,CONTEPEC,9,Camion_T9,217.0,275.0,-58.0
12222,CONTEPEC,9,Camion_T9,217.0,275.0,-58.0
12231,PALMILLAS,5,Camion_T5,440.0,641.0,-201.0
12240,LIB. OTE. S.L.P.,9,Camion_T9,138.0,444.0,-306.0
12241,CHAPALA,9,Camion_T9,213.0,244.0,-31.0
12248,SAN MARCOS,5,Camion_T5,75.0,628.0,-553.0
12264,PALMILLAS BIS,5,Camion_T5,440.0,641.0,-201.0
12282,PALMILLAS BIS,5,Camion_T5,440.0,641.0,-201.0
12318,PASO DEL TORO,5,Camion_T5,222.0,263.0,-41.0
12332,PERIFERICO,5,Camion_T5,322.0,532.0,-210.0
12386,LIB. OTE. S.L.P.,9,Camion_T9,138.0,444.0,-306.0
12388,CHAPALA,9,Camion_T9,213.0,244.0,-31.0
12419,CUENCAME,5,Camion_T5,205.0,541.0,-336.0
12419,CUENCAME,5,Camion_T5,205.0,336.0,-131.0
12421,CUENCAME,5,Camion_T5,205.0,541.0,-336.0
12421,CUENCAME,5,Camion_T5,205.0,336.0,-131.0
12423,CUENCAME,5,Camion_T5,205.0,541.0,-336.0
12423,CUENCAME,5,Camion_T5,205.0,336.0,-131.0
12447,PERIFERICO,5,Camion_T5,322.0,532.0,-210.0
12480,PALMILLAS BIS,5,Camion_T5,440.0,641.0,-201.0
12504,PALMILLAS,3,Camion_T3,219.0,440.0,-221.0
12558,PALMILLAS,9,Camion_T9,641.0,54.0,587.0
12579,TEPOTZOTLAN,5,Camion_T5,471.0,678.0,-207.0
12582,LEON,5,Camion_T5,157.0,411.0,-254.0
12595,CHAPALA,9,Camion_T9,213.0,244.0,-31.0
12616,PALMILLAS BIS,5,Camion_T5,440.0,641.0,-201.0
12621,PALMILLAS BIS,5,Camion_T5,440.0,641.0,-201.0
12669,CHAPALA,4,Camion_T4,123.0,141.0,-18.0
12681,PASO DEL TORO,5,Camion_T5,222.0,263.0,-41.0
12691,PALMILLAS,5,Camion_T5,440.0,641.0,-201.0
12713,TEPOTZOTLAN,5,Camion_T5,471.0,678.0,-207.0
12740,CHAPALA,5,Camion_T5,190.0,217.0,-27.0
12752,PALMILLAS,5,Camion_T5,440.0,641.0,-201.0
12769,TEPOTZOTLAN,5,Camion_T5,471.0,678.0,-207.0
12785,TEPOTZOTLAN,5,Camion_T5,471.0,678.0,-207.0
12795,PALMILLAS,5,Camion_T5,440.0,641.0,-201.0
12825,PALMILLAS BIS,5,Camion_T5,440.0,641.0,-201.0
12826,PALMILLAS,5,Camion_T5,440.0,641.0,-201.0
12827,PALMILLAS BIS,3,Camion_T3,219.0,440.0,-221.0
12831,CONTEPEC,9,Camion_T9,217.0,275.0,-58.0
12863,PALMILLAS BIS,5,Camion_T5,440.0,641.0,-201.0
12866,PASO DEL TORO,9,Camion_T9,253.0,307.0,-54.0
12877,CUENCAME,5,Camion_T5,205.0,541.0,-336.0
12877,CUENCAME,5,Camion_T5,205.0,336.0,-131.0
12882,PASO DEL TORO,9,Camion_T9,253.0,307.0,-54.0
12890,CHAPALA,5,Camion_T5,190.0,217.0,-27.0
12900,CONTEPEC,9,Camion_T9,141.0,275.0,-134.0
12936,PALMILLAS BIS,5,Camion_T5,440.0,641.0,-201.0
12938,TEPOTZOTLAN,5,Camion_T5,471.0,678.0,-207.0
12942,TEPOTZOTLAN,5,Camion_T5,471.0,678.0,-207.0
12945,PASO DEL TORO,5,Camion_T5,222.0,263.0,-41.0
12956,PERIFERICO,5,Camion_T5,322.0,532.0,-210.0
12968,PALMILLAS BIS,5,Camion_T5,440.0,641.0,-201.0
12977,PALMILLAS,5,Camion_T5,440.0,641.0,-201.0
12991,PALMILLAS,5,Camion_T5,440.0,641.0,-201.0
12996,LEON,5,Camion_T5,85.0,411.0,-326.0
12996,LEON,5,Camion_T5,85.0,157.0,-72.0
12996,LEON,5,Camion_T5,85.0,131.0,-46.0
12996,LEON,5,Camion_T5,85.0,107.0,-22.0
12996,LEON,5,Camion_T5,85.0,105.0,-20.0
13001,LEON,5,Camion_T5,85.0,411.0,-326.0
13001,LEON,5,Camion_T5,85.0,157.0,-72.0
13001,LEON,5,Camion_T5,85.0,131.0,-46.0
13001,LEON,5,Camion_T5,85.0,107.0,-22.0
13001,LEON,5,Camion_T5,85.0,105.0,-20.0
13003,TEPOTZOTLAN,5,Camion_T5,471.0,678.0,-207.0
13010,LEON,5,Camion_T5,157.0,411.0,-254.0
13026,TEPOTZOTLAN,5,Camion_T5,471.0,678.0,-207.0
13029,LEON,3,Camion_T3,58.0,291.0,-233.0
13029,LEON,3,Camion_T3,58.0,108.0,-50.0
13029,LEON,3,Camion_T3,58.0,87.0,-29.0
13029,LEON,3,Camion_T3,58.0,75.0,-17.0
13029,LEON,3,Camion_T3,58.0,72.0,-14.0
13032,PALMILLAS,5,Camion_T5,440.0,641.0,-201.0
13044,TEPOTZOTLAN,5,Camion_T5,471.0,678.0,-207.0
13046,GUADALUPE,5,Camion_T5,235.0,310.0,-75.0
13067,PALMILLAS,9,Camion_T9,641.0,54.0,587.0
13089,LEON,3,Camion_T3,58.0,291.0,-233.0
13089,LEON,3,Camion_T3,58.0,108.0,-50.0
13089,LEON,3,Camion_T3,58.0,87.0,-29.0
13089,LEON,3,Camion_T3,58.0,75.0,-17.0
13089,LEON,3,Camion_T3,58.0,72.0,-14.0
13093,CUENCAME,5,Camion_T5,205.0,541.0,-336.0
13093,CUENCAME,5,Camion_T5,205.0,336.0,-131.0
13107,PERIFERICO,5,Camion_T5,322.0,532.0,-210.0
13109,PALMILLAS BIS,5,Camion_T5,440.0,641.0,-201.0
13113,PASO DEL TORO,5,Camion_T5,222.0,263.0,-41.0
13138,LEON,3,Camion_T3,58.0,291.0,-233.0
13138,LEON,3,Camion_T3,58.0,108.0,-50.0
13138,LEON,3,Camion_T3,58.0,87.0,-29.0
13138,LEON,3,Camion_T3,58.0,75.0,-17.0
13138,LEON,3,Camion_T3,58.0,72.0,-14.0
13144,AGUJITA-ALLENDE,9,Camion_T9,325.0,360.0,-35.0
13156,LEON,5,Camion_T5,85.0,411.0,-326.0
13156,LEON,5,Camion_T5,85.0,157.0,-72.0
13156,LEON,5,Camion_T5,85.0,131.0,-46.0
13156,LEON,5,Camion_T5,85.0,107.0,-22.0
13156,LEON,5,Camion_T5,85.0,105.0,-20.0
13163,LEON,3,Camion_T3,58.0,291.0,-233.0
13163,LEON,3,Camion_T3,58.0,108.0,-50.0
13163,LEON,3,Camion_T3,58.0,87.0,-29.0
13163,LEON,3,Camion_T3,58.0,75.0,-17.0
13163,LEON,3,Camion_T3,58.0,72.0,-14.0
13173,TEPOTZOTLAN,5,Camion_T5,471.0,678.0,-207.0
13181,LEON,5,Camion_T5,85.0,411.0,-326.0
13181,LEON,5,Camion_T5,85.0,157.0,-72.0
13181,LEON,5,Camion_T5,85.0,131.0,-46.0
13181,LEON,5,Camion_T5,85.0,107.0,-22.0
13181,LEON,5,Camion_T5,85.0,105.0,-20.0
13186,PALMILLAS BIS,5,Camion_T5,440.0,641.0,-201.0
13195,PALMILLAS,5,Camion_T5,440.0,641.0,-201.0
13199,TEPOTZOTLAN,5,Camion_T5,471.0,678.0,-207.0
13201,TEPOTZOTLAN,5,Camion_T5,471.0,678.0,-207.0
13212,PALMILLAS,5,Camion_T5,440.0,641.0,-201.0
13230,PASO DEL TORO,5,Camion_T5,222.0,263.0,-41.0
13237,PALMILLAS,5,Camion_T5,440.0,641.0,-201.0
13240,PALMILLAS,9,Camion_T9,641.0,54.0,587.0
13244,PALMILLAS,5,Camion_T5,440.0,641.0,-201.0
13257,CONTEPEC,9,Camion_T9,217.0,275.0,-58.0
13260,PERIFERICO,5,Camion_T5,322.0,532.0,-210.0
13286,PALMILLAS,5,Camion_T5,440.0,641.0,-201.0
13296,PALMILLAS,5,Camion_T5,440.0,641.0,-201.0
13298,CUENCAME,5,Camion_T5,205.0,541.0,-336.0
13298,CUENCAME,5,Camion_T5,205.0,336.0,-131.0
13301,PALMILLAS,5,Camion_T5,440.0,641.0,-201.0
13303,PASO DEL TORO,9,Camion_T9,253.0,307.0,-54.0
13305,PASO DEL TORO,9,Camion_T9,253.0,307.0,-54.0
13328,CONTEPEC,9,Camion_T9,141.0,275.0,-134.0
13416,CHAPALA,5,Camion_T5,190.0,217.0,-27.0
13431,TEPOTZOTLAN,5,Camion_T5,471.0,678.0,-207.0
13459,CONTEPEC,9,Camion_T9,217.0,275.0,-58.0
13466,CHAPALA,9,Camion_T9,213.0,244.0,-31.0
13479,CUENCAME,5,Camion_T5,205.0,541.0,-336.0
13479,CUENCAME,5,Camion_T5,205.0,336.0,-131.0
13483,NARANJOS,9,Camion_T9,1369.0,651.0,718.0
13499,CHAPALA,4,Camion_T4,123.0,141.0,-18.0
13511,PALMILLAS,5,Camion_T5,440.0,641.0,-201.0
13514,PALMILLAS,5,Camion_T5,440.0,641.0,-201.0
13533,PALMILLAS,5,Camion_T5,440.0,641.0,-201.0
13545,PALMILLAS,5,Camion_T5,440.0,641.0,-201.0
13562,PALMILLAS,5,Camion_T5,440.0,641.0,-201.0
13580,PALMILLAS,5,Camion_T5,440.0,641.0,-201.0
13585,PALMILLAS,2,Camion_T2,229.0,219.0,10.0
13599,CHAPALA,9,Camion_T9,213.0,244.0,-31.0
13603,PALMILLAS,5,Camion_T5,440.0,641.0,-201.0
13621,TEPOTZOTLAN,5,Camion_T5,471.0,678.0,-207.0
13628,CONTEPEC,9,Camion_T9,141.0,275.0,-134.0
13653,CONTEPEC,9,Camion_T9,217.0,275.0,-58.0
13684,PALMILLAS,5,Camion_T5,440.0,641.0,-201.0
13692,AGUJITA-ALLENDE,9,Camion_T9,325.0,360.0,-35.0
13709,TEPOTZOTLAN,5,Camion_T5,471.0,678.0,-207.0
13720,PALMILLAS,5,Camion_T5,440.0,641.0,-201.0
13736,CHAPALA,5,Camion_T5,190.0,217.0,-27.0
13742,PASO DEL TORO,5,Camion_T5,222.0,263.0,-41.0
13804,PASO DEL TORO,5,Camion_T5,222.0,263.0,-41.0
13813,PALMILLAS BIS,5,Camion_T5,440.0,641.0,-201.0
13815,JOROBAS,5,Camion_T5,254.0,364.0,-110.0
13843,CONTEPEC,9,Camion_T9,217.0,275.0,-58.0
13847,PASO DEL TORO,5,Camion_T5,222.0,263.0,-41.0
13882,TEPOTZOTLAN,5,Camion_T5,471.0,678.0,-207.0
13893,AGUJITA-ALLENDE,9,Camion_T9,325.0,360.0,-35.0
13918,TEPOTZOTLAN,5,Camion_T5,471.0,678.0,-207.0
13926,TEPOTZOTLAN,5,Camion_T5,471.0,678.0,-207.0
13928,PALMILLAS BIS,5,Camion_T5,440.0,641.0,-201.0
13930,XONACATLAN,2,Camion_T2,80.0,215.0,-135.0
13930,XONACATLAN,2,Camion_T2,80.0,135.0,-55.0
13966,LEON,5,Camion_T5,157.0,411.0,-254.0
13987,CONTEPEC,9,Camion_T9,217.0,275.0,-58.0
13997,PALMILLAS,9,Camion_T9,641.0,54.0,587.0
14006,TEPOTZOTLAN,5,Camion_T5,471.0,678.0,-207.0
14019,TEPOTZOTLAN,5,Camion_T5,471.0,678.0,-207.0
14026,PASO DEL TORO,9,Camion_T9,253.0,307.0,-54.0
14036,XONACATLAN,7,Camion_T7,160.0,429.0,-269.0
14036,XONACATLAN,7,Camion_T7,160.0,269.0,-109.0
14047,LIB. OTE. S.L.P.,9,Camion_T9,138.0,444.0,-306.0
14066,TEPOTZOTLAN,5,Camion_T5,471.0,678.0,-207.0
14075,PALMILLAS BIS,5,Camion_T5,440.0,641.0,-201.0
14076,LEON,5,Camion_T5,157.0,411.0,-254.0
14092,PALMILLAS BIS,5,Camion_T5,440.0,641.0,-201.0
14103,TEPOTZOTLAN,5,Camion_T5,471.0,678.0,-207.0
14115,PASO DEL TORO,5,Camion_T5,222.0,263.0,-41.0
14122,PASO DEL TORO,5,Camion_T5,222.0,263.0,-41.0
14134,PALMILLAS,9,Camion_T9,641.0,54.0,587.0
14144,PALMILLAS BIS,5,Camion_T5,440.0,641.0,-201.0
14147,CUENCAME,5,Camion_T5,205.0,541.0,-336.0
14147,CUENCAME,5,Camion_T5,205.0,336.0,-131.0
14148,LIB. OTE. S.L.P.,9,Camion_T9,138.0,444.0,-306.0
14149,TEPOTZOTLAN,5,Camion_T5,471.0,678.0,-207.0
14151,PALMILLAS BIS,5,Camion_T5,440.0,641.0,-201.0
14176,CHAPALA,5,Camion_T5,190.0,217.0,-27.0
14189,PALMILLAS BIS,5,Camion_T5,440.0,641.0,-201.0
14200,TEPOTZOTLAN,5,Camion_T5,471.0,678.0,-207.0
14202,CONTEPEC,9,Camion_T9,217.0,275.0,-58.0
14218,ZACATECAS,9,Camion_T9,89.0,115.0,-26.0
14221,PASO DEL TORO,5,Camion_T5,222.0,263.0,-41.0
14235,PALMILLAS,9,Camion_T9,641.0,54.0,587.0
14248,LIB. OTE. S.L.P.,9,Camion_T9,138.0,444.0,-306.0
14251,PERIFERICO,5,Camion_T5,322.0,532.0,-210.0
14252,PALMILLAS,9,Camion_T9,641.0,54.0,587.0
14273,LIB. OTE. S.L.P.,7,Camion_T7,138.0,444.0,-306.0
14305,CONTEPEC,3,Camion_T3,217.0,141.0,76.0
14314,PALMILLAS,5,Camion_T5,440.0,641.0,-201.0
14316,CONTEPEC,9,Camion_T9,217.0,275.0,-58.0
14327,LIB. OTE. S.L.P.,9,Camion_T9,138.0,444.0,-306.0
14345,PERIFERICO,5,Camion_T5,322.0,532.0,-210.0
14353,PALMILLAS,9,Camion_T9,641.0,54.0,587.0
14354,ZACATECAS,9,Camion_T9,89.0,115.0,-26.0
14368,TEPOTZOTLAN,5,Camion_T5,471.0,678.0,-207.0
14385,PALMILLAS,5,Camion_T5,440.0,641.0,-201.0
14417,PALMILLAS BIS,5,Camion_T5,440.0,641.0,-201.0
14441,PERIFERICO,5,Camion_T5,322.0,532.0,-210.0
14449,LIB. OTE. S.L.P.,9,Camion_T9,138.0,444.0,-306.0
14485,PALMILLAS BIS,9,Camion_T9,641.0,54.0,587.0
14496,CUENCAME,5,Camion_T5,205.0,541.0,-336.0
14496,CUENCAME,5,Camion_T5,205.0,336.0,-131.0
14499,PALMILLAS,9,Camion_T9,641.0,54.0,587.0
